wb,iso,country,year,month,compcr_usd,personalcr_usd,workcr_usd,period
BEN,638,Benin,2018,1,,16.431349,,2018-01-01
BEN,638,Benin,2018,2,,15.539294,,2018-02-01
BEN,638,Benin,2018,3,,17.380877,,2018-03-01
BEN,638,Benin,2018,4,,16.403784,,2018-04-01
BEN,638,Benin,2018,5,,15.513569,,2018-05-01
BEN,638,Benin,2018,6,,14.445704,,2018-06-01
BEN,638,Benin,2018,7,,14.506573,,2018-07-01
BEN,638,Benin,2018,8,,15.481194,,2018-08-01
BEN,638,Benin,2018,9,,15.262168,,2018-09-01
BEN,638,Benin,2018,10,,15.079047,,2018-10-01
BEN,638,Benin,2018,11,,16.049816,,2018-11-01
BEN,638,Benin,2018,12,,18.906664,,2018-12-01
BEN,638,Benin,2019,1,,17.785355,,2019-01-01
BEN,638,Benin,2019,2,,16.638485,,2019-02-01
BEN,638,Benin,2019,3,,17.88355,,2019-03-01
BEN,638,Benin,2019,4,,18.153706,,2019-04-01
BEN,638,Benin,2019,5,,17.582785,,2019-05-01
BEN,638,Benin,2019,6,,17.619547,,2019-06-01
BEN,638,Benin,2019,7,,17.745375,,2019-07-01
BEN,638,Benin,2019,8,,17.509691,,2019-08-01
BEN,638,Benin,2019,9,,17.142725,,2019-09-01
BEN,638,Benin,2019,10,,17.2219,,2019-10-01
BEN,638,Benin,2019,11,,19.606619,,2019-11-01
BEN,638,Benin,2019,12,,18.767036,,2019-12-01
BEN,638,Benin,2020,1,,17.827744,,2020-01-01
BEN,638,Benin,2020,2,,16.453333,,2020-02-01
BEN,638,Benin,2020,3,,18.053429,,2020-03-01
BEN,638,Benin,2020,4,,18.146854,,2020-04-01
BEN,638,Benin,2020,5,,17.823034,,2020-05-01
BEN,638,Benin,2020,6,,18.259026,,2020-06-01
BEN,638,Benin,2020,7,,18.858166,,2020-07-01
BEN,638,Benin,2020,8,,18.781939,,2020-08-01
BEN,638,Benin,2020,9,,18.266848,,2020-09-01
BEN,638,Benin,2020,10,,18.058855,,2020-10-01
BEN,638,Benin,2020,11,,19.450808,,2020-11-01
BEN,638,Benin,2020,12,,19.407906,,2020-12-01
BEN,638,Benin,2021,1,,,,2021-01-01
BEN,638,Benin,2021,2,,,,2021-02-01
BFA,748,Burkina Faso,2018,1,,35.00147,,2018-01-01
BFA,748,Burkina Faso,2018,2,,32.497925,,2018-02-01
BFA,748,Burkina Faso,2018,3,,32.93941,,2018-03-01
BFA,748,Burkina Faso,2018,4,,37.845673,,2018-04-01
BFA,748,Burkina Faso,2018,5,,37.427048,,2018-05-01
BFA,748,Burkina Faso,2018,6,,37.282166,,2018-06-01
BFA,748,Burkina Faso,2018,7,,37.957943,,2018-07-01
BFA,748,Burkina Faso,2018,8,,36.011868,,2018-08-01
BFA,748,Burkina Faso,2018,9,,27.726774,,2018-09-01
BFA,748,Burkina Faso,2018,10,,27.768347,,2018-10-01
BFA,748,Burkina Faso,2018,11,,28.57498,,2018-11-01
BFA,748,Burkina Faso,2018,12,,43.219448,,2018-12-01
BFA,748,Burkina Faso,2019,1,,39.239517,,2019-01-01
BFA,748,Burkina Faso,2019,2,,35.216827,,2019-02-01
BFA,748,Burkina Faso,2019,3,,34.386936,,2019-03-01
BFA,748,Burkina Faso,2019,4,,24.828566,,2019-04-01
BFA,748,Burkina Faso,2019,5,,28.452667,,2019-05-01
BFA,748,Burkina Faso,2019,6,,30.106804,,2019-06-01
BFA,748,Burkina Faso,2019,7,,36.219307,,2019-07-01
BFA,748,Burkina Faso,2019,8,,33.12814,,2019-08-01
BFA,748,Burkina Faso,2019,9,,38.17565,,2019-09-01
BFA,748,Burkina Faso,2019,10,,36.447212,,2019-10-01
BFA,748,Burkina Faso,2019,11,,35.91458,,2019-11-01
BFA,748,Burkina Faso,2019,12,,40.210964,,2019-12-01
BFA,748,Burkina Faso,2020,1,,28.329782,,2020-01-01
BFA,748,Burkina Faso,2020,2,,28.803722,,2020-02-01
BFA,748,Burkina Faso,2020,3,,28.926977,,2020-03-01
BFA,748,Burkina Faso,2020,4,,30.880617,,2020-04-01
BFA,748,Burkina Faso,2020,5,,34.88987,,2020-05-01
BFA,748,Burkina Faso,2020,6,,37.017334,,2020-06-01
BFA,748,Burkina Faso,2020,7,,39.107407,,2020-07-01
BFA,748,Burkina Faso,2020,8,,41.016968,,2020-08-01
BFA,748,Burkina Faso,2020,9,,39.11705,,2020-09-01
BFA,748,Burkina Faso,2020,10,,36.05309,,2020-10-01
BFA,748,Burkina Faso,2020,11,,35.319332,,2020-11-01
BFA,748,Burkina Faso,2020,12,,42.793495,,2020-12-01
BFA,748,Burkina Faso,2021,1,,,,2021-01-01
BFA,748,Burkina Faso,2021,2,,,,2021-02-01
CIV,662,Cote d'Ivoire,2018,1,,13.717898,,2018-01-01
CIV,662,Cote d'Ivoire,2018,2,,13.628648,,2018-02-01
CIV,662,Cote d'Ivoire,2018,3,,15.095899,,2018-03-01
CIV,662,Cote d'Ivoire,2018,4,,13.495458,,2018-04-01
CIV,662,Cote d'Ivoire,2018,5,,14.235027,,2018-05-01
CIV,662,Cote d'Ivoire,2018,6,,15.711529,,2018-06-01
CIV,662,Cote d'Ivoire,2018,7,,16.259546,,2018-07-01
CIV,662,Cote d'Ivoire,2018,8,,14.37728,,2018-08-01
CIV,662,Cote d'Ivoire,2018,9,,14.154874,,2018-09-01
CIV,662,Cote d'Ivoire,2018,10,,14.75166,,2018-10-01
CIV,662,Cote d'Ivoire,2018,11,,13.098743,,2018-11-01
CIV,662,Cote d'Ivoire,2018,12,,15.819189,,2018-12-01
CIV,662,Cote d'Ivoire,2019,1,,14.607348,,2019-01-01
CIV,662,Cote d'Ivoire,2019,2,,14.098152,,2019-02-01
CIV,662,Cote d'Ivoire,2019,3,,18.186808,,2019-03-01
CIV,662,Cote d'Ivoire,2019,4,,14.626102,,2019-04-01
CIV,662,Cote d'Ivoire,2019,5,,19.453257,,2019-05-01
CIV,662,Cote d'Ivoire,2019,6,,21.911665,,2019-06-01
CIV,662,Cote d'Ivoire,2019,7,,18.684292,,2019-07-01
CIV,662,Cote d'Ivoire,2019,8,,14.736433,,2019-08-01
CIV,662,Cote d'Ivoire,2019,9,,14.418408,,2019-09-01
CIV,662,Cote d'Ivoire,2019,10,,15.375194,,2019-10-01
CIV,662,Cote d'Ivoire,2019,11,,13.674766,,2019-11-01
CIV,662,Cote d'Ivoire,2019,12,,16.573002,,2019-12-01
CIV,662,Cote d'Ivoire,2020,1,,9.517155,,2020-01-01
CIV,662,Cote d'Ivoire,2020,2,,12.6363325,,2020-02-01
CIV,662,Cote d'Ivoire,2020,3,,11.678059,,2020-03-01
CIV,662,Cote d'Ivoire,2020,4,,12.939093,,2020-04-01
CIV,662,Cote d'Ivoire,2020,5,,17.324442,,2020-05-01
CIV,662,Cote d'Ivoire,2020,6,,20.38141,,2020-06-01
CIV,662,Cote d'Ivoire,2020,7,,22.543818,,2020-07-01
CIV,662,Cote d'Ivoire,2020,8,,20.522009,,2020-08-01
CIV,662,Cote d'Ivoire,2020,9,,20.976044,,2020-09-01
CIV,662,Cote d'Ivoire,2020,10,,20.580992,,2020-10-01
CIV,662,Cote d'Ivoire,2020,11,,22.408674,,2020-11-01
CIV,662,Cote d'Ivoire,2020,12,,19.611984,,2020-12-01
CIV,662,Cote d'Ivoire,2021,1,,,,2021-01-01
CIV,662,Cote d'Ivoire,2021,2,,,,2021-02-01
GNB,654,Guinea-Bissau,2018,1,,8.63134,,2018-01-01
GNB,654,Guinea-Bissau,2018,2,,7.902357,,2018-02-01
GNB,654,Guinea-Bissau,2018,3,,9.215137,,2018-03-01
GNB,654,Guinea-Bissau,2018,4,,7.6395035,,2018-04-01
GNB,654,Guinea-Bissau,2018,5,,7.4713635,,2018-05-01
GNB,654,Guinea-Bissau,2018,6,,6.916633,,2018-06-01
GNB,654,Guinea-Bissau,2018,7,,8.187672,,2018-07-01
GNB,654,Guinea-Bissau,2018,8,,8.449249,,2018-08-01
GNB,654,Guinea-Bissau,2018,9,,6.8605995,,2018-09-01
GNB,654,Guinea-Bissau,2018,10,,8.510304,,2018-10-01
GNB,654,Guinea-Bissau,2018,11,,6.8326955,,2018-11-01
GNB,654,Guinea-Bissau,2018,12,,8.563015,,2018-12-01
GNB,654,Guinea-Bissau,2019,1,,8.3662,,2019-01-01
GNB,654,Guinea-Bissau,2019,2,,9.287441,,2019-02-01
GNB,654,Guinea-Bissau,2019,3,,9.223495,,2019-03-01
GNB,654,Guinea-Bissau,2019,4,,9.243038,,2019-04-01
GNB,654,Guinea-Bissau,2019,5,,9.526281,,2019-05-01
GNB,654,Guinea-Bissau,2019,6,,9.343491,,2019-06-01
GNB,654,Guinea-Bissau,2019,7,,7.030767,,2019-07-01
GNB,654,Guinea-Bissau,2019,8,,9.13055,,2019-08-01
GNB,654,Guinea-Bissau,2019,9,,8.481614,,2019-09-01
GNB,654,Guinea-Bissau,2019,10,,9.164457,,2019-10-01
GNB,654,Guinea-Bissau,2019,11,,9.183337,,2019-11-01
GNB,654,Guinea-Bissau,2019,12,,9.60631,,2019-12-01
GNB,654,Guinea-Bissau,2020,1,,8.775954,,2020-01-01
GNB,654,Guinea-Bissau,2020,2,,8.450267,,2020-02-01
GNB,654,Guinea-Bissau,2020,3,,8.314967,,2020-03-01
GNB,654,Guinea-Bissau,2020,4,,7.0689774,,2020-04-01
GNB,654,Guinea-Bissau,2020,5,,9.240588,,2020-05-01
GNB,654,Guinea-Bissau,2020,6,,9.699142,,2020-06-01
GNB,654,Guinea-Bissau,2020,7,,10.387631,,2020-07-01
GNB,654,Guinea-Bissau,2020,8,,9.389166,,2020-08-01
GNB,654,Guinea-Bissau,2020,9,,9.59814,,2020-09-01
GNB,654,Guinea-Bissau,2020,10,,10.196253,,2020-10-01
GNB,654,Guinea-Bissau,2020,11,,10.117019,,2020-11-01
GNB,654,Guinea-Bissau,2020,12,,12.510038,,2020-12-01
GNB,654,Guinea-Bissau,2021,1,,,,2021-01-01
GNB,654,Guinea-Bissau,2021,2,,,,2021-02-01
MLI,678,Mali,2018,1,,77.6709,,2018-01-01
MLI,678,Mali,2018,2,,72.18101,,2018-02-01
MLI,678,Mali,2018,3,,80.95968,,2018-03-01
MLI,678,Mali,2018,4,,85.83867,,2018-04-01
MLI,678,Mali,2018,5,,87.54587,,2018-05-01
MLI,678,Mali,2018,6,,78.135704,,2018-06-01
MLI,678,Mali,2018,7,,69.390335,,2018-07-01
MLI,678,Mali,2018,8,,71.44977,,2018-08-01
MLI,678,Mali,2018,9,,72.608604,,2018-09-01
MLI,678,Mali,2018,10,,77.518875,,2018-10-01
MLI,678,Mali,2018,11,,74.46477,,2018-11-01
MLI,678,Mali,2018,12,,90.30909,,2018-12-01
MLI,678,Mali,2019,1,,54.095745,,2019-01-01
MLI,678,Mali,2019,2,,55.086105,,2019-02-01
MLI,678,Mali,2019,3,,70.141975,,2019-03-01
MLI,678,Mali,2019,4,,83.8658,,2019-04-01
MLI,678,Mali,2019,5,,74.72172,,2019-05-01
MLI,678,Mali,2019,6,,57.050903,,2019-06-01
MLI,678,Mali,2019,7,,77.07677,,2019-07-01
MLI,678,Mali,2019,8,,89.989265,,2019-08-01
MLI,678,Mali,2019,9,,79.27357,,2019-09-01
MLI,678,Mali,2019,10,,90.539246,,2019-10-01
MLI,678,Mali,2019,11,,81.745346,,2019-11-01
MLI,678,Mali,2019,12,,87.76474,,2019-12-01
MLI,678,Mali,2020,1,,88.95426,,2020-01-01
MLI,678,Mali,2020,2,,86.27484,,2020-02-01
MLI,678,Mali,2020,3,,76.497696,,2020-03-01
MLI,678,Mali,2020,4,,78.1247,,2020-04-01
MLI,678,Mali,2020,5,,64.574425,,2020-05-01
MLI,678,Mali,2020,6,,50.40706,,2020-06-01
MLI,678,Mali,2020,7,,69.826416,,2020-07-01
MLI,678,Mali,2020,8,,84.818054,,2020-08-01
MLI,678,Mali,2020,9,,75.31996,,2020-09-01
MLI,678,Mali,2020,10,,85.52107,,2020-10-01
MLI,678,Mali,2020,11,,77.6372,,2020-11-01
MLI,678,Mali,2020,12,,85.206665,,2020-12-01
MLI,678,Mali,2021,1,,,,2021-01-01
MLI,678,Mali,2021,2,,,,2021-02-01
NER,692,Niger,2018,1,,19.59859,,2018-01-01
NER,692,Niger,2018,2,,17.033928,,2018-02-01
NER,692,Niger,2018,3,,18.968136,,2018-03-01
NER,692,Niger,2018,4,,16.879147,,2018-04-01
NER,692,Niger,2018,5,,16.431957,,2018-05-01
NER,692,Niger,2018,6,,15.732893,,2018-06-01
NER,692,Niger,2018,7,,21.115854,,2018-07-01
NER,692,Niger,2018,8,,17.643244,,2018-08-01
NER,692,Niger,2018,9,,14.23841,,2018-09-01
NER,692,Niger,2018,10,,14.912728,,2018-10-01
NER,692,Niger,2018,11,,14.760563,,2018-11-01
NER,692,Niger,2018,12,,14.783089,,2018-12-01
NER,692,Niger,2019,1,,15.521069,,2019-01-01
NER,692,Niger,2019,2,,14.868213,,2019-02-01
NER,692,Niger,2019,3,,18.73129,,2019-03-01
NER,692,Niger,2019,4,,14.627815,,2019-04-01
NER,692,Niger,2019,5,,14.841016,,2019-05-01
NER,692,Niger,2019,6,,16.977365,,2019-06-01
NER,692,Niger,2019,7,,23.399405,,2019-07-01
NER,692,Niger,2019,8,,20.167608,,2019-08-01
NER,692,Niger,2019,9,,18.374035,,2019-09-01
NER,692,Niger,2019,10,,17.531933,,2019-10-01
NER,692,Niger,2019,11,,18.821545,,2019-11-01
NER,692,Niger,2019,12,,18.460379,,2019-12-01
NER,692,Niger,2020,1,,16.259037,,2020-01-01
NER,692,Niger,2020,2,,17.640326,,2020-02-01
NER,692,Niger,2020,3,,15.584238,,2020-03-01
NER,692,Niger,2020,4,,15.436169,,2020-04-01
NER,692,Niger,2020,5,,16.513397,,2020-05-01
NER,692,Niger,2020,6,,18.023968,,2020-06-01
NER,692,Niger,2020,7,,19.053894,,2020-07-01
NER,692,Niger,2020,8,,18.356388,,2020-08-01
NER,692,Niger,2020,9,,23.911755,,2020-09-01
NER,692,Niger,2020,10,,19.665483,,2020-10-01
NER,692,Niger,2020,11,,20.69784,,2020-11-01
NER,692,Niger,2020,12,,18.960787,,2020-12-01
NER,692,Niger,2021,1,,,,2021-01-01
NER,692,Niger,2021,2,,,,2021-02-01
SEN,722,Senegal,2018,1,,194.47017,,2018-01-01
SEN,722,Senegal,2018,2,,160.19121,,2018-02-01
SEN,722,Senegal,2018,3,,195.13145,,2018-03-01
SEN,722,Senegal,2018,4,,211.19801,,2018-04-01
SEN,722,Senegal,2018,5,,197.75793,,2018-05-01
SEN,722,Senegal,2018,6,,188.94604,,2018-06-01
SEN,722,Senegal,2018,7,,200.26482,,2018-07-01
SEN,722,Senegal,2018,8,,220.70517,,2018-08-01
SEN,722,Senegal,2018,9,,174.47606,,2018-09-01
SEN,722,Senegal,2018,10,,153.0244,,2018-10-01
SEN,722,Senegal,2018,11,,161.76141,,2018-11-01
SEN,722,Senegal,2018,12,,230.28331,,2018-12-01
SEN,722,Senegal,2019,1,,171.9605,,2019-01-01
SEN,722,Senegal,2019,2,,159.40239,,2019-02-01
SEN,722,Senegal,2019,3,,163.58995,,2019-03-01
SEN,722,Senegal,2019,4,,179.231,,2019-04-01
SEN,722,Senegal,2019,5,,207.38205,,2019-05-01
SEN,722,Senegal,2019,6,,182.56392,,2019-06-01
SEN,722,Senegal,2019,7,,247.23466,,2019-07-01
SEN,722,Senegal,2019,8,,228.08057,,2019-08-01
SEN,722,Senegal,2019,9,,203.81206,,2019-09-01
SEN,722,Senegal,2019,10,,218.26372,,2019-10-01
SEN,722,Senegal,2019,11,,198.68253,,2019-11-01
SEN,722,Senegal,2019,12,,215.2796,,2019-12-01
SEN,722,Senegal,2020,1,,181.23378,,2020-01-01
SEN,722,Senegal,2020,2,,178.41817,,2020-02-01
SEN,722,Senegal,2020,3,,148.79237,,2020-03-01
SEN,722,Senegal,2020,4,,156.64516,,2020-04-01
SEN,722,Senegal,2020,5,,198.6361,,2020-05-01
SEN,722,Senegal,2020,6,,219.3897,,2020-06-01
SEN,722,Senegal,2020,7,,224.94885,,2020-07-01
SEN,722,Senegal,2020,8,,184.3158,,2020-08-01
SEN,722,Senegal,2020,9,,264.72278,,2020-09-01
SEN,722,Senegal,2020,10,,260.02957,,2020-10-01
SEN,722,Senegal,2020,11,,262.48303,,2020-11-01
SEN,722,Senegal,2020,12,,280.07977,,2020-12-01
SEN,722,Senegal,2021,1,,,,2021-01-01
SEN,722,Senegal,2021,2,,,,2021-02-01
TGO,742,Togo,2018,1,,31.1554,,2018-01-01
TGO,742,Togo,2018,2,,31.178356,,2018-02-01
TGO,742,Togo,2018,3,,37.656055,,2018-03-01
TGO,742,Togo,2018,4,,30.174355,,2018-04-01
TGO,742,Togo,2018,5,,36.209732,,2018-05-01
TGO,742,Togo,2018,6,,32.53577,,2018-06-01
TGO,742,Togo,2018,7,,32.18061,,2018-07-01
TGO,742,Togo,2018,8,,32.689564,,2018-08-01
TGO,742,Togo,2018,9,,31.03266,,2018-09-01
TGO,742,Togo,2018,10,,33.64555,,2018-10-01
TGO,742,Togo,2018,11,,32.947002,,2018-11-01
TGO,742,Togo,2018,12,,33.96049,,2018-12-01
TGO,742,Togo,2019,1,,30.262428,,2019-01-01
TGO,742,Togo,2019,2,,30.295368,,2019-02-01
TGO,742,Togo,2019,3,,35.3708,,2019-03-01
TGO,742,Togo,2019,4,,38.102905,,2019-04-01
TGO,742,Togo,2019,5,,39.760757,,2019-05-01
TGO,742,Togo,2019,6,,33.612118,,2019-06-01
TGO,742,Togo,2019,7,,39.98695,,2019-07-01
TGO,742,Togo,2019,8,,41.09341,,2019-08-01
TGO,742,Togo,2019,9,,39.19056,,2019-09-01
TGO,742,Togo,2019,10,,40.919075,,2019-10-01
TGO,742,Togo,2019,11,,41.445473,,2019-11-01
TGO,742,Togo,2019,12,,46.01202,,2019-12-01
TGO,742,Togo,2020,1,,30.91891,,2020-01-01
TGO,742,Togo,2020,2,,31.112873,,2020-02-01
TGO,742,Togo,2020,3,,33.910896,,2020-03-01
TGO,742,Togo,2020,4,,33.904266,,2020-04-01
TGO,742,Togo,2020,5,,37.819935,,2020-05-01
TGO,742,Togo,2020,6,,41.8283,,2020-06-01
TGO,742,Togo,2020,7,,45.638123,,2020-07-01
TGO,742,Togo,2020,8,,43.927303,,2020-08-01
TGO,742,Togo,2020,9,,42.77545,,2020-09-01
TGO,742,Togo,2020,10,,42.102623,,2020-10-01
TGO,742,Togo,2020,11,,42.377422,,2020-11-01
TGO,742,Togo,2020,12,,46.468773,,2020-12-01
TGO,742,Togo,2021,1,,,,2021-01-01
TGO,742,Togo,2021,2,,,,2021-02-01
SUR,366,Suriname,2018,1,,9.028,,2018-01-01
SUR,366,Suriname,2018,2,,8.462,,2018-02-01
SUR,366,Suriname,2018,3,,9.356,,2018-03-01
SUR,366,Suriname,2018,4,,8.483,,2018-04-01
SUR,366,Suriname,2018,5,,9.598,,2018-05-01
SUR,366,Suriname,2018,6,,8.712,,2018-06-01
SUR,366,Suriname,2018,7,,8.013,,2018-07-01
SUR,366,Suriname,2018,8,,8.165,,2018-08-01
SUR,366,Suriname,2018,9,,7.611,,2018-09-01
SUR,366,Suriname,2018,10,,6.964,,2018-10-01
SUR,366,Suriname,2018,11,,7.775,,2018-11-01
SUR,366,Suriname,2018,12,,8.141,,2018-12-01
SUR,366,Suriname,2019,1,,7.979,,2019-01-01
SUR,366,Suriname,2019,2,,5.171,,2019-02-01
SUR,366,Suriname,2019,3,,7.802,,2019-03-01
SUR,366,Suriname,2019,4,,7.387,,2019-04-01
SUR,366,Suriname,2019,5,,9.314,,2019-05-01
SUR,366,Suriname,2019,6,,7.677,,2019-06-01
SUR,366,Suriname,2019,7,,8.081,,2019-07-01
SUR,366,Suriname,2019,8,,8.322,,2019-08-01
SUR,366,Suriname,2019,9,,8.4,,2019-09-01
SUR,366,Suriname,2019,10,,7.993,,2019-10-01
SUR,366,Suriname,2019,11,,8.583,,2019-11-01
SUR,366,Suriname,2019,12,,9.59,,2019-12-01
SUR,366,Suriname,2020,1,,9.685,,2020-01-01
SUR,366,Suriname,2020,2,,9.476,,2020-02-01
SUR,366,Suriname,2020,3,,9.32,,2020-03-01
SUR,366,Suriname,2020,4,,7.356,,2020-04-01
SUR,366,Suriname,2020,5,,11.917,,2020-05-01
SUR,366,Suriname,2020,6,,7.843,,2020-06-01
SUR,366,Suriname,2020,7,,10.337,,2020-07-01
SUR,366,Suriname,2020,8,,8.964,,2020-08-01
SUR,366,Suriname,2020,9,,9.829,,2020-09-01
SUR,366,Suriname,2020,10,,12.306,,2020-10-01
SUR,366,Suriname,2020,11,,12.01,,2020-11-01
SUR,366,Suriname,2020,12,,14.761,,2020-12-01
SUR,366,Suriname,2021,1,,,,2021-01-01
SUR,366,Suriname,2021,2,,,,2021-02-01
ZMB,754,Zambia,2018,1,,8.433236,,2018-01-01
ZMB,754,Zambia,2018,2,,7.8874617,,2018-02-01
ZMB,754,Zambia,2018,3,,9.1208515,,2018-03-01
ZMB,754,Zambia,2018,4,,8.913411,,2018-04-01
ZMB,754,Zambia,2018,5,,9.312638,,2018-05-01
ZMB,754,Zambia,2018,6,,9.206321,,2018-06-01
ZMB,754,Zambia,2018,7,,8.878039,,2018-07-01
ZMB,754,Zambia,2018,8,,9.301927,,2018-08-01
ZMB,754,Zambia,2018,9,,9.397608,,2018-09-01
ZMB,754,Zambia,2018,10,,9.174239,,2018-10-01
ZMB,754,Zambia,2018,11,,9.622056,,2018-11-01
ZMB,754,Zambia,2018,12,,9.863932,,2018-12-01
ZMB,754,Zambia,2019,1,,9.229613,,2019-01-01
ZMB,754,Zambia,2019,2,,9.27888,,2019-02-01
ZMB,754,Zambia,2019,3,,13.67163,,2019-03-01
ZMB,754,Zambia,2019,4,,10.141315,,2019-04-01
ZMB,754,Zambia,2019,5,,10.80445,,2019-05-01
ZMB,754,Zambia,2019,6,,10.102728,,2019-06-01
ZMB,754,Zambia,2019,7,,10.756705,,2019-07-01
ZMB,754,Zambia,2019,8,,10.263513,,2019-08-01
ZMB,754,Zambia,2019,9,,10.186664,,2019-09-01
ZMB,754,Zambia,2019,10,,10.224637,,2019-10-01
ZMB,754,Zambia,2019,11,,10.100912,,2019-11-01
ZMB,754,Zambia,2019,12,,10.745816,,2019-12-01
ZMB,754,Zambia,2020,1,,10.747457,,2020-01-01
ZMB,754,Zambia,2020,2,,10.226664,,2020-02-01
ZMB,754,Zambia,2020,3,,10.590778,,2020-03-01
ZMB,754,Zambia,2020,4,,10.073232,,2020-04-01
ZMB,754,Zambia,2020,5,,11.427295,,2020-05-01
ZMB,754,Zambia,2020,6,,12.373947,,2020-06-01
ZMB,754,Zambia,2020,7,,11.835723,,2020-07-01
ZMB,754,Zambia,2020,8,,12.078786,,2020-08-01
ZMB,754,Zambia,2020,9,,12.16764,,2020-09-01
ZMB,754,Zambia,2020,10,,10.614003,,2020-10-01
ZMB,754,Zambia,2020,11,,9.658439,,2020-11-01
ZMB,754,Zambia,2020,12,,12.646928,,2020-12-01
ZMB,754,Zambia,2021,1,,,,2021-01-01
ZMB,754,Zambia,2021,2,,,,2021-02-01
LBR,668,Liberia,2018,1,,41.1,,2018-01-01
LBR,668,Liberia,2018,2,,40.1,,2018-02-01
LBR,668,Liberia,2018,3,,49.6,,2018-03-01
LBR,668,Liberia,2018,4,,42.1,,2018-04-01
LBR,668,Liberia,2018,5,,46.0,,2018-05-01
LBR,668,Liberia,2018,6,,29.0,,2018-06-01
LBR,668,Liberia,2018,7,,31.6,,2018-07-01
LBR,668,Liberia,2018,8,,48.6,,2018-08-01
LBR,668,Liberia,2018,9,,26.8,,2018-09-01
LBR,668,Liberia,2018,10,,28.2,,2018-10-01
LBR,668,Liberia,2018,11,,25.5,,2018-11-01
LBR,668,Liberia,2018,12,,28.1,,2018-12-01
LBR,668,Liberia,2019,1,,25.7,,2019-01-01
LBR,668,Liberia,2019,2,,22.94,,2019-02-01
LBR,668,Liberia,2019,3,,31.89,,2019-03-01
LBR,668,Liberia,2019,4,,33.22,,2019-04-01
LBR,668,Liberia,2019,5,,29.47,,2019-05-01
LBR,668,Liberia,2019,6,,24.79,,2019-06-01
LBR,668,Liberia,2019,7,,24.7,,2019-07-01
LBR,668,Liberia,2019,8,,26.42,,2019-08-01
LBR,668,Liberia,2019,9,,29.52,,2019-09-01
LBR,668,Liberia,2019,10,,24.73,,2019-10-01
LBR,668,Liberia,2019,11,,22.58,,2019-11-01
LBR,668,Liberia,2019,12,,27.37,,2019-12-01
LBR,668,Liberia,2020,1,,23.92,,2020-01-01
LBR,668,Liberia,2020,2,,27.24,,2020-02-01
LBR,668,Liberia,2020,3,,28.82,,2020-03-01
LBR,668,Liberia,2020,4,,24.47,,2020-04-01
LBR,668,Liberia,2020,5,,23.82,,2020-05-01
LBR,668,Liberia,2020,6,,25.38,,2020-06-01
LBR,668,Liberia,2020,7,,26.06,,2020-07-01
LBR,668,Liberia,2020,8,,26.28,,2020-08-01
LBR,668,Liberia,2020,9,,23.81,,2020-09-01
LBR,668,Liberia,2020,10,,29.89,,2020-10-01
LBR,668,Liberia,2020,11,,25.54,,2020-11-01
LBR,668,Liberia,2020,12,,31.0,,2020-12-01
LBR,668,Liberia,2021,1,,,,2021-01-01
LBR,668,Liberia,2021,2,,,,2021-02-01
HRV,960,Croatia,2018,1,,6.245308,,2018-01-01
HRV,960,Croatia,2018,2,,5.617767,,2018-02-01
HRV,960,Croatia,2018,3,,6.885432,,2018-03-01
HRV,960,Croatia,2018,4,,6.082386,,2018-04-01
HRV,960,Croatia,2018,5,,6.0046024,,2018-05-01
HRV,960,Croatia,2018,6,,5.9107437,,2018-06-01
HRV,960,Croatia,2018,7,,5.870368,,2018-07-01
HRV,960,Croatia,2018,8,,5.8734393,,2018-08-01
HRV,960,Croatia,2018,9,,5.595734,,2018-09-01
HRV,960,Croatia,2018,10,,6.132007,,2018-10-01
HRV,960,Croatia,2018,11,,5.7218747,,2018-11-01
HRV,960,Croatia,2018,12,,6.124613,,2018-12-01
HRV,960,Croatia,2019,1,,4.8016195,,2019-01-01
HRV,960,Croatia,2019,2,,4.947391,,2019-02-01
HRV,960,Croatia,2019,3,,5.5399756,,2019-03-01
HRV,960,Croatia,2019,4,,5.331907,,2019-04-01
HRV,960,Croatia,2019,5,,5.4101605,,2019-05-01
HRV,960,Croatia,2019,6,,4.875254,,2019-06-01
HRV,960,Croatia,2019,7,,5.386044,,2019-07-01
HRV,960,Croatia,2019,8,,4.878106,,2019-08-01
HRV,960,Croatia,2019,9,,4.914447,,2019-09-01
HRV,960,Croatia,2019,10,,5.2519245,,2019-10-01
HRV,960,Croatia,2019,11,,4.7344112,,2019-11-01
HRV,960,Croatia,2019,12,,5.167719,,2019-12-01
HRV,960,Croatia,2020,1,,4.199403,,2020-01-01
HRV,960,Croatia,2020,2,,4.2700706,,2020-02-01
HRV,960,Croatia,2020,3,,4.9597983,,2020-03-01
HRV,960,Croatia,2020,4,,4.7106423,,2020-04-01
HRV,960,Croatia,2020,5,,5.268283,,2020-05-01
HRV,960,Croatia,2020,6,,5.0744133,,2020-06-01
HRV,960,Croatia,2020,7,,5.651564,,2020-07-01
HRV,960,Croatia,2020,8,,5.433806,,2020-08-01
HRV,960,Croatia,2020,9,,5.903993,,2020-09-01
HRV,960,Croatia,2020,10,,6.2781916,,2020-10-01
HRV,960,Croatia,2020,11,,5.5668683,,2020-11-01
HRV,960,Croatia,2020,12,,7.327836,,2020-12-01
HRV,960,Croatia,2021,1,,,,2021-01-01
HRV,960,Croatia,2021,2,,,,2021-02-01
COL,233,Colombia,2018,1,,,465.86304,2018-01-01
COL,233,Colombia,2018,2,,,446.28323,2018-02-01
COL,233,Colombia,2018,3,,,475.679,2018-03-01
COL,233,Colombia,2018,4,,,513.49835,2018-04-01
COL,233,Colombia,2018,5,,,532.17694,2018-05-01
COL,233,Colombia,2018,6,,,495.0747,2018-06-01
COL,233,Colombia,2018,7,,,528.2679,2018-07-01
COL,233,Colombia,2018,8,,,575.723,2018-08-01
COL,233,Colombia,2018,9,,,528.38824,2018-09-01
COL,233,Colombia,2018,10,,,595.61694,2018-10-01
COL,233,Colombia,2018,11,,,565.8361,2018-11-01
COL,233,Colombia,2018,12,,,598.9809,2018-12-01
COL,233,Colombia,2019,1,,,500.97836,2019-01-01
COL,233,Colombia,2019,2,,,483.3532,2019-02-01
COL,233,Colombia,2019,3,,,526.66235,2019-03-01
COL,233,Colombia,2019,4,,,572.5581,2019-04-01
COL,233,Colombia,2019,5,,,628.3082,2019-05-01
COL,233,Colombia,2019,6,,,503.78134,2019-06-01
COL,233,Colombia,2019,7,,,576.4137,2019-07-01
COL,233,Colombia,2019,8,,,644.08307,2019-08-01
COL,233,Colombia,2019,9,,,554.70807,2019-09-01
COL,233,Colombia,2019,10,,,578.23376,2019-10-01
COL,233,Colombia,2019,11,,,523.7672,2019-11-01
COL,233,Colombia,2019,12,,,640.3218,2019-12-01
COL,233,Colombia,2020,1,,,514.3422,2020-01-01
COL,233,Colombia,2020,2,,,527.85034,2020-02-01
COL,233,Colombia,2020,3,,,715.9157,2020-03-01
COL,233,Colombia,2020,4,,,349.13443,2020-04-01
COL,233,Colombia,2020,5,,,447.81674,2020-05-01
COL,233,Colombia,2020,6,,,525.2961,2020-06-01
COL,233,Colombia,2020,7,,,583.85535,2020-07-01
COL,233,Colombia,2020,8,,,635.36096,2020-08-01
COL,233,Colombia,2020,9,,,651.97534,2020-09-01
COL,233,Colombia,2020,10,,,657.605,2020-10-01
COL,233,Colombia,2020,11,,,600.1278,2020-11-01
COL,233,Colombia,2020,12,,,693.62976,2020-12-01
COL,233,Colombia,2021,1,,,,2021-01-01
COL,233,Colombia,2021,2,,,,2021-02-01
BTN,514,Bhutan,2018,1,,5.0282955,,2018-01-01
BTN,514,Bhutan,2018,2,,2.918497,,2018-02-01
BTN,514,Bhutan,2018,3,,3.2242484,,2018-03-01
BTN,514,Bhutan,2018,4,,3.5928442,,2018-04-01
BTN,514,Bhutan,2018,5,,3.934293,,2018-05-01
BTN,514,Bhutan,2018,6,,2.2537725,,2018-06-01
BTN,514,Bhutan,2018,7,,8.440347,,2018-07-01
BTN,514,Bhutan,2018,8,,3.486577,,2018-08-01
BTN,514,Bhutan,2018,9,,3.8613315,,2018-09-01
BTN,514,Bhutan,2018,10,,3.3437278,,2018-10-01
BTN,514,Bhutan,2018,11,,2.4627752,,2018-11-01
BTN,514,Bhutan,2018,12,,1.3193969,,2018-12-01
BTN,514,Bhutan,2019,1,,1.8243552,,2019-01-01
BTN,514,Bhutan,2019,2,,1.8951143,,2019-02-01
BTN,514,Bhutan,2019,3,,1.5975312,,2019-03-01
BTN,514,Bhutan,2019,4,,3.7266192,,2019-04-01
BTN,514,Bhutan,2019,5,,3.3828883,,2019-05-01
BTN,514,Bhutan,2019,6,,3.3309371,,2019-06-01
BTN,514,Bhutan,2019,7,,3.8065808,,2019-07-01
BTN,514,Bhutan,2019,8,,3.823946,,2019-08-01
BTN,514,Bhutan,2019,9,,4.8828583,,2019-09-01
BTN,514,Bhutan,2019,10,,3.2281613,,2019-10-01
BTN,514,Bhutan,2019,11,,2.2568314,,2019-11-01
BTN,514,Bhutan,2019,12,,3.3154383,,2019-12-01
BTN,514,Bhutan,2020,1,,6.2697935,,2020-01-01
BTN,514,Bhutan,2020,2,,3.8699026,,2020-02-01
BTN,514,Bhutan,2020,3,,5.2316737,,2020-03-01
BTN,514,Bhutan,2020,4,,6.0761986,,2020-04-01
BTN,514,Bhutan,2020,5,,10.537137,,2020-05-01
BTN,514,Bhutan,2020,6,,14.917515,,2020-06-01
BTN,514,Bhutan,2020,7,,13.172184,,2020-07-01
BTN,514,Bhutan,2020,8,,8.2540865,,2020-08-01
BTN,514,Bhutan,2020,9,,8.164626,,2020-09-01
BTN,514,Bhutan,2020,10,,8.455774,,2020-10-01
BTN,514,Bhutan,2020,11,,13.738215,,2020-11-01
BTN,514,Bhutan,2020,12,,12.532158,,2020-12-01
BTN,514,Bhutan,2021,1,,,,2021-01-01
BTN,514,Bhutan,2021,2,,,,2021-02-01
CPV,624,Cabo Verde,2018,1,,16.904371,,2018-01-01
CPV,624,Cabo Verde,2018,2,,12.63663,,2018-02-01
CPV,624,Cabo Verde,2018,3,,13.278728,,2018-03-01
CPV,624,Cabo Verde,2018,4,,15.177955,,2018-04-01
CPV,624,Cabo Verde,2018,5,,19.442244,,2018-05-01
CPV,624,Cabo Verde,2018,6,,15.362491,,2018-06-01
CPV,624,Cabo Verde,2018,7,,20.075785,,2018-07-01
CPV,624,Cabo Verde,2018,8,,17.880285,,2018-08-01
CPV,624,Cabo Verde,2018,9,,14.033812,,2018-09-01
CPV,624,Cabo Verde,2018,10,,16.224684,,2018-10-01
CPV,624,Cabo Verde,2018,11,,15.860613,,2018-11-01
CPV,624,Cabo Verde,2018,12,,19.69994,,2018-12-01
CPV,624,Cabo Verde,2019,1,,17.815392,,2019-01-01
CPV,624,Cabo Verde,2019,2,,12.415491,,2019-02-01
CPV,624,Cabo Verde,2019,3,,12.82943,,2019-03-01
CPV,624,Cabo Verde,2019,4,,14.686057,,2019-04-01
CPV,624,Cabo Verde,2019,5,,14.601536,,2019-05-01
CPV,624,Cabo Verde,2019,6,,16.261448,,2019-06-01
CPV,624,Cabo Verde,2019,7,,21.92669,,2019-07-01
CPV,624,Cabo Verde,2019,8,,20.715658,,2019-08-01
CPV,624,Cabo Verde,2019,9,,16.14132,,2019-09-01
CPV,624,Cabo Verde,2019,10,,16.820786,,2019-10-01
CPV,624,Cabo Verde,2019,11,,15.866636,,2019-11-01
CPV,624,Cabo Verde,2019,12,,21.838404,,2019-12-01
CPV,624,Cabo Verde,2020,1,,21.553583,,2020-01-01
CPV,624,Cabo Verde,2020,2,,18.453382,,2020-02-01
CPV,624,Cabo Verde,2020,3,,13.137824,,2020-03-01
CPV,624,Cabo Verde,2020,4,,11.600462,,2020-04-01
CPV,624,Cabo Verde,2020,5,,14.767484,,2020-05-01
CPV,624,Cabo Verde,2020,6,,19.937754,,2020-06-01
CPV,624,Cabo Verde,2020,7,,20.903841,,2020-07-01
CPV,624,Cabo Verde,2020,8,,18.64751,,2020-08-01
CPV,624,Cabo Verde,2020,9,,14.427959,,2020-09-01
CPV,624,Cabo Verde,2020,10,,18.959257,,2020-10-01
CPV,624,Cabo Verde,2020,11,,17.941216,,2020-11-01
CPV,624,Cabo Verde,2020,12,,25.31507,,2020-12-01
CPV,624,Cabo Verde,2021,1,,,,2021-01-01
CPV,624,Cabo Verde,2021,2,,,,2021-02-01
NPL,558,Nepal,2018,1,,,572.98926,2018-01-01
NPL,558,Nepal,2018,2,,,591.3726,2018-02-01
NPL,558,Nepal,2018,3,,,626.7645,2018-03-01
NPL,558,Nepal,2018,4,,,638.6123,2018-04-01
NPL,558,Nepal,2018,5,,,511.82764,2018-05-01
NPL,558,Nepal,2018,6,,,579.94946,2018-06-01
NPL,558,Nepal,2018,7,,,615.91626,2018-07-01
NPL,558,Nepal,2018,8,,,671.5133,2018-08-01
NPL,558,Nepal,2018,9,,,686.82324,2018-09-01
NPL,558,Nepal,2018,10,,,712.7402,2018-10-01
NPL,558,Nepal,2018,11,,,599.38513,2018-11-01
NPL,558,Nepal,2018,12,,,646.86017,2018-12-01
NPL,558,Nepal,2019,1,,,626.42224,2019-01-01
NPL,558,Nepal,2019,2,,,578.9127,2019-02-01
NPL,558,Nepal,2019,3,,,619.4679,2019-03-01
NPL,558,Nepal,2019,4,,,770.149,2019-04-01
NPL,558,Nepal,2019,5,,,597.3021,2019-05-01
NPL,558,Nepal,2019,6,,,655.2065,2019-06-01
NPL,558,Nepal,2019,7,,,794.58575,2019-07-01
NPL,558,Nepal,2019,8,,,675.8827,2019-08-01
NPL,558,Nepal,2019,9,,,663.31396,2019-09-01
NPL,558,Nepal,2019,10,,,683.52386,2019-10-01
NPL,558,Nepal,2019,11,,,646.1159,2019-11-01
NPL,558,Nepal,2019,12,,,617.9518,2019-12-01
NPL,558,Nepal,2020,1,,,622.6832,2020-01-01
NPL,558,Nepal,2020,2,,,582.0134,2020-02-01
NPL,558,Nepal,2020,3,,,613.36176,2020-03-01
NPL,558,Nepal,2020,4,,,83.88421,2020-04-01
NPL,558,Nepal,2020,5,,,400.2906,2020-05-01
NPL,558,Nepal,2020,6,,,800.4894,2020-06-01
NPL,558,Nepal,2020,7,,,854.08984,2020-07-01
NPL,558,Nepal,2020,8,,,773.65436,2020-08-01
NPL,558,Nepal,2020,9,,,628.6051,2020-09-01
NPL,558,Nepal,2020,10,,,800.98236,2020-10-01
NPL,558,Nepal,2020,11,,,649.22266,2020-11-01
NPL,558,Nepal,2020,12,,,671.32153,2020-12-01
NPL,558,Nepal,2021,1,,,693.32416,2021-01-01
NPL,558,Nepal,2021,2,,,643.8394,2021-02-01
JAM,343,Jamaica,2018,1,,165.45091,,2018-01-01
JAM,343,Jamaica,2018,2,,168.76187,,2018-02-01
JAM,343,Jamaica,2018,3,,219.00667,,2018-03-01
JAM,343,Jamaica,2018,4,,184.37471,,2018-04-01
JAM,343,Jamaica,2018,5,,200.36601,,2018-05-01
JAM,343,Jamaica,2018,6,,202.67783,,2018-06-01
JAM,343,Jamaica,2018,7,,200.75966,,2018-07-01
JAM,343,Jamaica,2018,8,,208.39987,,2018-08-01
JAM,343,Jamaica,2018,9,,187.00772,,2018-09-01
JAM,343,Jamaica,2018,10,,201.53986,,2018-10-01
JAM,343,Jamaica,2018,11,,186.48822,,2018-11-01
JAM,343,Jamaica,2018,12,,220.99722,,2018-12-01
JAM,343,Jamaica,2019,1,,166.2407,,2019-01-01
JAM,343,Jamaica,2019,2,,171.97331,,2019-02-01
JAM,343,Jamaica,2019,3,,217.07333,,2019-03-01
JAM,343,Jamaica,2019,4,,201.65573,,2019-04-01
JAM,343,Jamaica,2019,5,,207.2475,,2019-05-01
JAM,343,Jamaica,2019,6,,194.30995,,2019-06-01
JAM,343,Jamaica,2019,7,,213.25021,,2019-07-01
JAM,343,Jamaica,2019,8,,213.69072,,2019-08-01
JAM,343,Jamaica,2019,9,,193.17336,,2019-09-01
JAM,343,Jamaica,2019,10,,204.3445,,2019-10-01
JAM,343,Jamaica,2019,11,,199.94252,,2019-11-01
JAM,343,Jamaica,2019,12,,222.66617,,2019-12-01
JAM,343,Jamaica,2020,1,,181.5179,,2020-01-01
JAM,343,Jamaica,2020,2,,185.77777,,2020-02-01
JAM,343,Jamaica,2020,3,,198.50563,,2020-03-01
JAM,343,Jamaica,2020,4,,181.79832,,2020-04-01
JAM,343,Jamaica,2020,5,,239.7477,,2020-05-01
JAM,343,Jamaica,2020,6,,275.08035,,2020-06-01
JAM,343,Jamaica,2020,7,,292.64185,,2020-07-01
JAM,343,Jamaica,2020,8,,279.51962,,2020-08-01
JAM,343,Jamaica,2020,9,,259.66608,,2020-09-01
JAM,343,Jamaica,2020,10,,271.95056,,2020-10-01
JAM,343,Jamaica,2020,11,,237.42015,,2020-11-01
JAM,343,Jamaica,2020,12,,301.34793,,2020-12-01
JAM,343,Jamaica,2021,1,,,,2021-01-01
JAM,343,Jamaica,2021,2,,,,2021-02-01
BOL,218,Bolivia,2018,1,,,117.976654,2018-01-01
BOL,218,Bolivia,2018,2,,,108.625336,2018-02-01
BOL,218,Bolivia,2018,3,,,122.44441,2018-03-01
BOL,218,Bolivia,2018,4,,,118.10586,2018-04-01
BOL,218,Bolivia,2018,5,,,113.9052,2018-05-01
BOL,218,Bolivia,2018,6,,,111.32498,2018-06-01
BOL,218,Bolivia,2018,7,,,116.8553,2018-07-01
BOL,218,Bolivia,2018,8,,,109.288765,2018-08-01
BOL,218,Bolivia,2018,9,,,103.22534,2018-09-01
BOL,218,Bolivia,2018,10,,,111.87492,2018-10-01
BOL,218,Bolivia,2018,11,,,112.73694,2018-11-01
BOL,218,Bolivia,2018,12,,,123.69349,2018-12-01
BOL,218,Bolivia,2019,1,,,114.24507,2019-01-01
BOL,218,Bolivia,2019,2,,,105.19109,2019-02-01
BOL,218,Bolivia,2019,3,,,110.695465,2019-03-01
BOL,218,Bolivia,2019,4,,,108.640915,2019-04-01
BOL,218,Bolivia,2019,5,,,113.25128,2019-05-01
BOL,218,Bolivia,2019,6,,,107.53449,2019-06-01
BOL,218,Bolivia,2019,7,,,116.16414,2019-07-01
BOL,218,Bolivia,2019,8,,,107.2373,2019-08-01
BOL,218,Bolivia,2019,9,,,101.0737,2019-09-01
BOL,218,Bolivia,2019,10,,,105.06012,2019-10-01
BOL,218,Bolivia,2019,11,,,100.20735,2019-11-01
BOL,218,Bolivia,2019,12,,,128.91624,2019-12-01
BOL,218,Bolivia,2020,1,,,105.819626,2020-01-01
BOL,218,Bolivia,2020,2,,,101.384895,2020-02-01
BOL,218,Bolivia,2020,3,,,78.1597,2020-03-01
BOL,218,Bolivia,2020,4,,,31.217333,2020-04-01
BOL,218,Bolivia,2020,5,,,53.902313,2020-05-01
BOL,218,Bolivia,2020,6,,,86.27798,2020-06-01
BOL,218,Bolivia,2020,7,,,97.426735,2020-07-01
BOL,218,Bolivia,2020,8,,,101.68656,2020-08-01
BOL,218,Bolivia,2020,9,,,106.814545,2020-09-01
BOL,218,Bolivia,2020,10,,,110.97491,2020-10-01
BOL,218,Bolivia,2020,11,,,105.995094,2020-11-01
BOL,218,Bolivia,2020,12,,,136.00235,2020-12-01
BOL,218,Bolivia,2021,1,,,113.631805,2021-01-01
BOL,218,Bolivia,2021,2,,,,2021-02-01
MNG,948,Mongolia,2018,1,24.011385,24.29988,24.29988,2018-01-01
MNG,948,Mongolia,2018,2,23.313839,20.851149,20.851149,2018-02-01
MNG,948,Mongolia,2018,3,23.652725,21.372654,21.372654,2018-03-01
MNG,948,Mongolia,2018,4,24.472591,22.478954,22.478954,2018-04-01
MNG,948,Mongolia,2018,5,25.166525,26.27462,26.27462,2018-05-01
MNG,948,Mongolia,2018,6,25.075047,21.6588,21.6588,2018-06-01
MNG,948,Mongolia,2018,7,25.442831,21.000093,21.000093,2018-07-01
MNG,948,Mongolia,2018,8,26.063507,24.002115,24.002115,2018-08-01
MNG,948,Mongolia,2018,9,25.099485,22.862623,22.862623,2018-09-01
MNG,948,Mongolia,2018,10,25.798256,23.919731,23.919731,2018-10-01
MNG,948,Mongolia,2018,11,24.583986,19.19585,19.19585,2018-11-01
MNG,948,Mongolia,2018,12,26.62941,23.683372,23.683372,2018-12-01
MNG,948,Mongolia,2019,1,25.664343,22.105305,22.105305,2019-01-01
MNG,948,Mongolia,2019,2,24.10268,17.08586,17.08586,2019-02-01
MNG,948,Mongolia,2019,3,24.557856,19.99992,19.99992,2019-03-01
MNG,948,Mongolia,2019,4,25.149858,22.718063,22.718063,2019-04-01
MNG,948,Mongolia,2019,5,24.896997,21.618406,21.618406,2019-05-01
MNG,948,Mongolia,2019,6,25.514408,20.547789,20.547789,2019-06-01
MNG,948,Mongolia,2019,7,25.973398,22.363878,22.363878,2019-07-01
MNG,948,Mongolia,2019,8,25.222097,21.017336,21.017336,2019-08-01
MNG,948,Mongolia,2019,9,25.620993,20.179937,20.179937,2019-09-01
MNG,948,Mongolia,2019,10,26.399675,22.341106,22.341106,2019-10-01
MNG,948,Mongolia,2019,11,25.552065,20.161777,20.161777,2019-11-01
MNG,948,Mongolia,2019,12,28.006767,24.129904,24.129904,2019-12-01
MNG,948,Mongolia,2020,1,26.128782,21.539562,21.539562,2020-01-01
MNG,948,Mongolia,2020,2,24.897243,15.994648,15.994648,2020-02-01
MNG,948,Mongolia,2020,3,26.646639,18.03126,18.03126,2020-03-01
MNG,948,Mongolia,2020,4,24.564013,18.288145,18.288145,2020-04-01
MNG,948,Mongolia,2020,5,24.545757,19.782743,19.782743,2020-05-01
MNG,948,Mongolia,2020,6,26.144436,20.04538,20.04538,2020-06-01
MNG,948,Mongolia,2020,7,24.5617,21.478397,21.478397,2020-07-01
MNG,948,Mongolia,2020,8,23.788181,22.85932,22.85932,2020-08-01
MNG,948,Mongolia,2020,9,33.726635,21.261583,21.261583,2020-09-01
MNG,948,Mongolia,2020,10,24.319998,19.395405,19.395405,2020-10-01
MNG,948,Mongolia,2020,11,26.73177,17.135363,17.135363,2020-11-01
MNG,948,Mongolia,2020,12,28.455723,18.684076,18.684076,2020-12-01
MNG,948,Mongolia,2021,1,24.58792,12.424658,12.424658,2021-01-01
MNG,948,Mongolia,2021,2,25.292728,16.348154,16.348154,2021-02-01
TUR,186,Turkey,2018,1,25.0,55.0,24.0,2018-01-01
TUR,186,Turkey,2018,2,26.0,52.0,24.0,2018-02-01
TUR,186,Turkey,2018,3,27.0,55.0,25.0,2018-03-01
TUR,186,Turkey,2018,4,27.0,88.0,29.0,2018-04-01
TUR,186,Turkey,2018,5,27.0,70.0,33.0,2018-05-01
TUR,186,Turkey,2018,6,27.0,66.0,32.0,2018-06-01
TUR,186,Turkey,2018,7,27.0,56.0,27.0,2018-07-01
TUR,186,Turkey,2018,8,28.0,84.0,42.0,2018-08-01
TUR,186,Turkey,2018,9,28.0,63.0,32.0,2018-09-01
TUR,186,Turkey,2018,10,29.0,87.0,52.0,2018-10-01
TUR,186,Turkey,2018,11,29.0,63.0,35.0,2018-11-01
TUR,186,Turkey,2018,12,31.0,52.0,24.0,2018-12-01
TUR,186,Turkey,2019,1,28.0,44.0,17.0,2019-01-01
TUR,186,Turkey,2019,2,27.0,44.0,20.0,2019-02-01
TUR,186,Turkey,2019,3,29.0,46.0,15.0,2019-03-01
TUR,186,Turkey,2019,4,27.0,41.0,16.0,2019-04-01
TUR,186,Turkey,2019,5,28.0,53.0,19.0,2019-05-01
TUR,186,Turkey,2019,6,27.0,31.0,12.0,2019-06-01
TUR,186,Turkey,2019,7,26.0,37.0,13.0,2019-07-01
TUR,186,Turkey,2019,8,25.0,33.0,10.0,2019-08-01
TUR,186,Turkey,2019,9,26.0,39.0,11.0,2019-09-01
TUR,186,Turkey,2019,10,24.0,47.0,19.0,2019-10-01
TUR,186,Turkey,2019,11,24.0,38.0,15.0,2019-11-01
TUR,186,Turkey,2019,12,23.0,43.0,17.0,2019-12-01
TUR,186,Turkey,2020,1,24.0,58.0,13.0,2020-01-01
TUR,186,Turkey,2020,2,23.0,33.0,12.0,2020-02-01
TUR,186,Turkey,2020,3,23.0,128.0,14.0,2020-03-01
TUR,186,Turkey,2020,4,11.0,29.0,8.0,2020-04-01
TUR,186,Turkey,2020,5,10.0,46.0,13.0,2020-05-01
TUR,186,Turkey,2020,6,9.0,35.0,10.0,2020-06-01
TUR,186,Turkey,2020,7,13.0,50.0,21.0,2020-07-01
TUR,186,Turkey,2020,8,13.0,48.0,21.0,2020-08-01
TUR,186,Turkey,2020,9,17.0,47.0,20.0,2020-09-01
TUR,186,Turkey,2020,10,17.0,40.0,12.0,2020-10-01
TUR,186,Turkey,2020,11,16.0,37.0,12.0,2020-11-01
TUR,186,Turkey,2020,12,15.0,53.0,13.0,2020-12-01
TUR,186,Turkey,2021,1,13.0,40.0,11.0,2021-01-01
TUR,186,Turkey,2021,2,,,,2021-02-01
MAR,686,Morocco,2018,1,,618.8731,,2018-01-01
MAR,686,Morocco,2018,2,,521.2145,,2018-02-01
MAR,686,Morocco,2018,3,,603.1314,,2018-03-01
MAR,686,Morocco,2018,4,,541.7091,,2018-04-01
MAR,686,Morocco,2018,5,,615.19946,,2018-05-01
MAR,686,Morocco,2018,6,,541.90735,,2018-06-01
MAR,686,Morocco,2018,7,,598.2648,,2018-07-01
MAR,686,Morocco,2018,8,,766.0057,,2018-08-01
MAR,686,Morocco,2018,9,,519.70276,,2018-09-01
MAR,686,Morocco,2018,10,,589.2643,,2018-10-01
MAR,686,Morocco,2018,11,,451.4202,,2018-11-01
MAR,686,Morocco,2018,12,,537.2325,,2018-12-01
MAR,686,Morocco,2019,1,,566.50073,,2019-01-01
MAR,686,Morocco,2019,2,,476.38672,,2019-02-01
MAR,686,Morocco,2019,3,,536.18756,,2019-03-01
MAR,686,Morocco,2019,4,,562.88635,,2019-04-01
MAR,686,Morocco,2019,5,,551.8031,,2019-05-01
MAR,686,Morocco,2019,6,,531.1624,,2019-06-01
MAR,686,Morocco,2019,7,,669.667,,2019-07-01
MAR,686,Morocco,2019,8,,752.03033,,2019-08-01
MAR,686,Morocco,2019,9,,536.81146,,2019-09-01
MAR,686,Morocco,2019,10,,546.7086,,2019-10-01
MAR,686,Morocco,2019,11,,477.1647,,2019-11-01
MAR,686,Morocco,2019,12,,537.85736,,2019-12-01
MAR,686,Morocco,2020,1,,547.79047,,2020-01-01
MAR,686,Morocco,2020,2,,485.1972,,2020-02-01
MAR,686,Morocco,2020,3,,472.0106,,2020-03-01
MAR,686,Morocco,2020,4,,390.94473,,2020-04-01
MAR,686,Morocco,2020,5,,424.84976,,2020-05-01
MAR,686,Morocco,2020,6,,592.6366,,2020-06-01
MAR,686,Morocco,2020,7,,808.3008,,2020-07-01
MAR,686,Morocco,2020,8,,789.3502,,2020-08-01
MAR,686,Morocco,2020,9,,776.55206,,2020-09-01
MAR,686,Morocco,2020,10,,569.26917,,2020-10-01
MAR,686,Morocco,2020,11,,664.8469,,2020-11-01
MAR,686,Morocco,2020,12,,678.94867,,2020-12-01
MAR,686,Morocco,2021,1,,,,2021-01-01
MAR,686,Morocco,2021,2,,,,2021-02-01
JPN,158,Japan,2018,1,27.03501,501.98755,,2018-01-01
JPN,158,Japan,2018,2,15.033613,341.5198,,2018-02-01
JPN,158,Japan,2018,3,10.752319,358.7211,,2018-03-01
JPN,158,Japan,2018,4,12.978925,298.62634,,2018-04-01
JPN,158,Japan,2018,5,10.424252,331.53888,,2018-05-01
JPN,158,Japan,2018,6,12.54354,285.5369,,2018-06-01
JPN,158,Japan,2018,7,19.432083,455.19693,,2018-07-01
JPN,158,Japan,2018,8,19.617283,368.99957,,2018-08-01
JPN,158,Japan,2018,9,12.142402,262.92624,,2018-09-01
JPN,158,Japan,2018,10,8.719944,331.79605,,2018-10-01
JPN,158,Japan,2018,11,10.350042,311.07138,,2018-11-01
JPN,158,Japan,2018,12,10.259932,349.05154,,2018-12-01
JPN,158,Japan,2019,1,18.52809,473.60706,,2019-01-01
JPN,158,Japan,2019,2,12.872275,316.2277,,2019-02-01
JPN,158,Japan,2019,3,25.625559,350.2829,,2019-03-01
JPN,158,Japan,2019,4,13.707487,329.57327,,2019-04-01
JPN,158,Japan,2019,5,13.165433,318.75146,,2019-05-01
JPN,158,Japan,2019,6,15.43119,266.8587,,2019-06-01
JPN,158,Japan,2019,7,9.32373,494.2096,,2019-07-01
JPN,158,Japan,2019,8,14.967971,369.40225,,2019-08-01
JPN,158,Japan,2019,9,9.407137,312.6009,,2019-09-01
JPN,158,Japan,2019,10,11.33409,324.78333,,2019-10-01
JPN,158,Japan,2019,11,8.711325,294.5312,,2019-11-01
JPN,158,Japan,2019,12,11.418093,357.87253,,2019-12-01
JPN,158,Japan,2020,1,19.98919,531.5716,,2020-01-01
JPN,158,Japan,2020,2,19.006811,371.45587,,2020-02-01
JPN,158,Japan,2020,3,16.366577,390.1617,,2020-03-01
JPN,158,Japan,2020,4,19.576065,322.1318,,2020-04-01
JPN,158,Japan,2020,5,9.155073,302.4539,,2020-05-01
JPN,158,Japan,2020,6,12.066995,343.12866,,2020-06-01
JPN,158,Japan,2020,7,14.156397,489.44696,,2020-07-01
JPN,158,Japan,2020,8,17.342281,398.00214,,2020-08-01
JPN,158,Japan,2020,9,11.354614,369.9987,,2020-09-01
JPN,158,Japan,2020,10,9.015453,357.67212,,2020-10-01
JPN,158,Japan,2020,11,11.635242,364.96252,,2020-11-01
JPN,158,Japan,2020,12,14.4591875,443.19516,,2020-12-01
JPN,158,Japan,2021,1,20.337027,508.57547,,2021-01-01
JPN,158,Japan,2021,2,,,,2021-02-01
TON,866,Tonga,2018,1,0.5964991,10.369907,,2018-01-01
TON,866,Tonga,2018,2,0.50676,9.996993,,2018-02-01
TON,866,Tonga,2018,3,0.6860045,11.6163435,,2018-03-01
TON,866,Tonga,2018,4,1.04788,10.56992,,2018-04-01
TON,866,Tonga,2018,5,1.163825,14.100187,,2018-05-01
TON,866,Tonga,2018,6,1.074192,12.263692,,2018-06-01
TON,866,Tonga,2018,7,0.92585,11.9919615,,2018-07-01
TON,866,Tonga,2018,8,0.92199624,12.512806,,2018-08-01
TON,866,Tonga,2018,9,0.829445,10.870095,,2018-09-01
TON,866,Tonga,2018,10,0.7430552,11.189537,,2018-10-01
TON,866,Tonga,2018,11,0.66382855,12.479978,,2018-11-01
TON,866,Tonga,2018,12,0.79819876,13.303312,,2018-12-01
TON,866,Tonga,2019,1,0.7515623,10.035567,,2019-01-01
TON,866,Tonga,2019,2,0.6645225,9.657727,,2019-02-01
TON,866,Tonga,2019,3,0.9731752,10.660692,,2019-03-01
TON,866,Tonga,2019,4,1.05858,10.629908,,2019-04-01
TON,866,Tonga,2019,5,1.2226992,13.493359,,2019-05-01
TON,866,Tonga,2019,6,1.0057416,10.494695,,2019-06-01
TON,866,Tonga,2019,7,0.92208135,13.128682,,2019-07-01
TON,866,Tonga,2019,8,0.9081068,13.145927,,2019-08-01
TON,866,Tonga,2019,9,0.6466421,10.604931,,2019-09-01
TON,866,Tonga,2019,10,0.6027,11.83875,,2019-10-01
TON,866,Tonga,2019,11,0.73360366,11.694506,,2019-11-01
TON,866,Tonga,2019,12,0.7391128,13.130121,,2019-12-01
TON,866,Tonga,2020,1,0.8271218,10.578453,,2020-01-01
TON,866,Tonga,2020,2,0.690808,9.844014,,2020-02-01
TON,866,Tonga,2020,3,0.85215455,10.012815,,2020-03-01
TON,866,Tonga,2020,4,1.0720526,8.790832,,2020-04-01
TON,866,Tonga,2020,5,1.1697557,13.863771,,2020-05-01
TON,866,Tonga,2020,6,1.2767043,12.678994,,2020-06-01
TON,866,Tonga,2020,7,1.3167131,14.922748,,2020-07-01
TON,866,Tonga,2020,8,1.0085938,14.690388,,2020-08-01
TON,866,Tonga,2020,9,1.1391072,14.4579,,2020-09-01
TON,866,Tonga,2020,10,1.2181172,15.443986,,2020-10-01
TON,866,Tonga,2020,11,1.4346514,14.346515,,2020-11-01
TON,866,Tonga,2020,12,1.708473,17.21615,,2020-12-01
TON,866,Tonga,2021,1,,,,2021-01-01
TON,866,Tonga,2021,2,,,,2021-02-01
SRB,942,Serbia,2018,1,26.448895,229.15842,164.32657,2018-01-01
SRB,942,Serbia,2018,2,19.362011,323.60385,249.10269,2018-02-01
SRB,942,Serbia,2018,3,22.172327,310.6675,232.82294,2018-03-01
SRB,942,Serbia,2018,4,23.361645,386.28366,307.59396,2018-04-01
SRB,942,Serbia,2018,5,22.614904,434.00018,359.47968,2018-05-01
SRB,942,Serbia,2018,6,22.970959,371.061,291.93262,2018-06-01
SRB,942,Serbia,2018,7,23.88692,359.39874,289.66156,2018-07-01
SRB,942,Serbia,2018,8,23.58778,426.08527,349.00198,2018-08-01
SRB,942,Serbia,2018,9,22.058825,286.2992,210.88147,2018-09-01
SRB,942,Serbia,2018,10,24.153917,410.11945,321.6256,2018-10-01
SRB,942,Serbia,2018,11,25.252537,337.97464,248.20828,2018-11-01
SRB,942,Serbia,2018,12,25.777405,290.0386,210.59601,2018-12-01
SRB,942,Serbia,2019,1,21.686523,305.5016,229.05682,2019-01-01
SRB,942,Serbia,2019,2,20.824432,258.05316,175.32794,2019-02-01
SRB,942,Serbia,2019,3,24.289328,274.21518,200.2399,2019-03-01
SRB,942,Serbia,2019,4,24.98758,354.58636,267.6532,2019-04-01
SRB,942,Serbia,2019,5,27.077457,364.7697,291.79596,2019-05-01
SRB,942,Serbia,2019,6,23.738274,337.85428,272.11868,2019-06-01
SRB,942,Serbia,2019,7,27.20016,382.39374,299.19635,2019-07-01
SRB,942,Serbia,2019,8,26.461735,378.37,304.8003,2019-08-01
SRB,942,Serbia,2019,9,25.97216,294.2828,231.05862,2019-09-01
SRB,942,Serbia,2019,10,27.226805,339.9672,257.11508,2019-10-01
SRB,942,Serbia,2019,11,24.839865,312.81555,217.87968,2019-11-01
SRB,942,Serbia,2019,12,29.977922,331.55682,254.31493,2019-12-01
SRB,942,Serbia,2020,1,23.313437,276.77707,200.55095,2020-01-01
SRB,942,Serbia,2020,2,21.475647,219.84383,153.70169,2020-02-01
SRB,942,Serbia,2020,3,27.13937,237.42143,173.91035,2020-03-01
SRB,942,Serbia,2020,4,24.497223,193.15103,109.25785,2020-04-01
SRB,942,Serbia,2020,5,23.212286,225.83267,155.25597,2020-05-01
SRB,942,Serbia,2020,6,23.369236,305.34375,237.18684,2020-06-01
SRB,942,Serbia,2020,7,24.41848,365.39755,269.4088,2020-07-01
SRB,942,Serbia,2020,8,22.493801,321.6598,241.2101,2020-08-01
SRB,942,Serbia,2020,9,23.957083,344.27567,266.3161,2020-09-01
SRB,942,Serbia,2020,10,24.047165,358.30258,258.60773,2020-10-01
SRB,942,Serbia,2020,11,21.961752,329.0216,251.89842,2020-11-01
SRB,942,Serbia,2020,12,27.42848,406.25027,269.18958,2020-12-01
SRB,942,Serbia,2021,1,20.615463,354.66626,245.31956,2021-01-01
SRB,942,Serbia,2021,2,,,,2021-02-01
PHL,566,Philippines,2018,1,638.1626,2133.282,2069.743,2018-01-01
PHL,566,Philippines,2018,2,651.18854,2001.171,1937.6321,2018-02-01
PHL,566,Philippines,2018,3,640.7451,2111.1406,2047.7649,2018-03-01
PHL,566,Philippines,2018,4,681.6569,2066.943,1999.9384,2018-04-01
PHL,566,Philippines,2018,5,706.00195,2176.54,2113.164,2018-05-01
PHL,566,Philippines,2018,6,689.36786,2058.9763,2003.9933,2018-06-01
PHL,566,Philippines,2018,7,690.6474,2118.4907,2051.2483,2018-07-01
PHL,566,Philippines,2018,8,710.1401,2188.1782,2117.95,2018-08-01
PHL,566,Philippines,2018,9,677.6575,1944.5083,1883.2994,2018-09-01
PHL,566,Philippines,2018,10,726.61676,2171.14,2101.4277,2018-10-01
PHL,566,Philippines,2018,11,674.4038,2042.0114,1982.8416,2018-11-01
PHL,566,Philippines,2018,12,801.211,2508.7866,2447.9326,2018-12-01
PHL,566,Philippines,2019,1,718.0363,2177.41,2118.132,2019-01-01
PHL,566,Philippines,2019,2,706.03503,1986.9213,1929.2944,2019-02-01
PHL,566,Philippines,2019,3,712.56036,2221.5586,2157.314,2019-03-01
PHL,566,Philippines,2019,4,753.4819,2104.4788,2043.1744,2019-04-01
PHL,566,Philippines,2019,5,732.76575,2290.324,2244.0994,2019-05-01
PHL,566,Philippines,2019,6,732.62164,1952.7548,1895.5123,2019-06-01
PHL,566,Philippines,2019,7,758.89355,2255.0334,2191.8357,2019-07-01
PHL,566,Philippines,2019,8,733.1425,2284.0886,2221.25,2019-08-01
PHL,566,Philippines,2019,9,723.3202,2065.3635,2001.0875,2019-09-01
PHL,566,Philippines,2019,10,748.5558,2364.2693,2297.7415,2019-10-01
PHL,566,Philippines,2019,11,713.69836,2063.1584,2001.343,2019-11-01
PHL,566,Philippines,2019,12,793.7722,2575.2275,2512.3652,2019-12-01
PHL,566,Philippines,2020,1,746.189,2340.9167,2274.3564,2020-01-01
PHL,566,Philippines,2020,2,700.0729,2057.217,1996.5974,2020-02-01
PHL,566,Philippines,2020,3,730.1613,2061.6306,2013.7478,2020-03-01
PHL,566,Philippines,2020,4,676.6237,1729.4637,1676.5645,2020-04-01
PHL,566,Philippines,2020,5,641.25134,1822.6962,1769.783,2020-05-01
PHL,566,Philippines,2020,6,636.9144,2223.2703,2164.3218,2020-06-01
PHL,566,Philippines,2020,7,688.4422,2544.0137,2467.225,2020-07-01
PHL,566,Philippines,2020,8,716.53424,2177.05,2118.4326,2020-08-01
PHL,566,Philippines,2020,9,769.5272,2270.6692,2204.5344,2020-09-01
PHL,566,Philippines,2020,10,756.77515,2437.6616,2373.5437,2020-10-01
PHL,566,Philippines,2020,11,712.18475,2093.6135,2010.4742,2020-11-01
PHL,566,Philippines,2020,12,804.8236,2575.4963,2494.0994,2020-12-01
PHL,566,Philippines,2021,1,,,,2021-01-01
PHL,566,Philippines,2021,2,,,,2021-02-01
PRT,182,Portugal,2018,1,43.19843,,331.6922,2018-01-01
PRT,182,Portugal,2018,2,43.32843,,345.18274,2018-02-01
PRT,182,Portugal,2018,3,48.431885,,340.3308,2018-03-01
PRT,182,Portugal,2018,4,43.37217,,354.76053,2018-04-01
PRT,182,Portugal,2018,5,43.42175,,342.70816,2018-05-01
PRT,182,Portugal,2018,6,44.55266,,337.07037,2018-06-01
PRT,182,Portugal,2018,7,47.77125,,432.60562,2018-07-01
PRT,182,Portugal,2018,8,45.964848,,346.5611,2018-08-01
PRT,182,Portugal,2018,9,42.95065,,380.01532,2018-09-01
PRT,182,Portugal,2018,10,44.82222,,347.3923,2018-10-01
PRT,182,Portugal,2018,11,47.854496,,322.23923,2018-11-01
PRT,182,Portugal,2018,12,48.849648,,371.94492,2018-12-01
PRT,182,Portugal,2019,1,47.161186,,331.1101,2019-01-01
PRT,182,Portugal,2019,2,46.721333,,341.22693,2019-02-01
PRT,182,Portugal,2019,3,48.65716,,321.31808,2019-03-01
PRT,182,Portugal,2019,4,47.18941,,317.27826,2019-04-01
PRT,182,Portugal,2019,5,49.312862,,304.08667,2019-05-01
PRT,182,Portugal,2019,6,51.678596,,327.09076,2019-06-01
PRT,182,Portugal,2019,7,53.579037,,415.56287,2019-07-01
PRT,182,Portugal,2019,8,55.486496,,336.04544,2019-08-01
PRT,182,Portugal,2019,9,46.98667,,339.89963,2019-09-01
PRT,182,Portugal,2019,10,53.958622,,356.69943,2019-10-01
PRT,182,Portugal,2019,11,56.17199,,318.57684,2019-11-01
PRT,182,Portugal,2019,12,60.33492,,390.1043,2019-12-01
PRT,182,Portugal,2020,1,43.935238,,340.49255,2020-01-01
PRT,182,Portugal,2020,2,45.64833,,327.5971,2020-02-01
PRT,182,Portugal,2020,3,43.97705,,297.90442,2020-03-01
PRT,182,Portugal,2020,4,43.056572,,305.69733,2020-04-01
PRT,182,Portugal,2020,5,44.261513,,295.2548,2020-05-01
PRT,182,Portugal,2020,6,44.71449,,322.39902,2020-06-01
PRT,182,Portugal,2020,7,50.450386,,395.21188,2020-07-01
PRT,182,Portugal,2020,8,55.473766,,357.95364,2020-08-01
PRT,182,Portugal,2020,9,45.18851,,346.2959,2020-09-01
PRT,182,Portugal,2020,10,51.42222,,384.75406,2020-10-01
PRT,182,Portugal,2020,11,54.82134,,348.3185,2020-11-01
PRT,182,Portugal,2020,12,67.95576,,408.50122,2020-12-01
PRT,182,Portugal,2021,1,,,,2021-01-01
PRT,182,Portugal,2021,2,,,,2021-02-01
MKD,962,North Macedonia,2018,1,9.03,16.89,16.89,2018-01-01
MKD,962,North Macedonia,2018,2,7.64,16.56,16.56,2018-02-01
MKD,962,North Macedonia,2018,3,7.83,18.31,18.31,2018-03-01
MKD,962,North Macedonia,2018,4,8.93,20.68,20.68,2018-04-01
MKD,962,North Macedonia,2018,5,10.76,21.29,21.29,2018-05-01
MKD,962,North Macedonia,2018,6,7.6,22.44,22.44,2018-06-01
MKD,962,North Macedonia,2018,7,10.18,20.67,20.67,2018-07-01
MKD,962,North Macedonia,2018,8,9.92,19.84,19.84,2018-08-01
MKD,962,North Macedonia,2018,9,6.98,19.45,19.45,2018-09-01
MKD,962,North Macedonia,2018,10,11.4,22.8,22.8,2018-10-01
MKD,962,North Macedonia,2018,11,10.08,19.34,19.34,2018-11-01
MKD,962,North Macedonia,2018,12,8.11,17.73,17.73,2018-12-01
MKD,962,North Macedonia,2019,1,10.08,15.24,15.24,2019-01-01
MKD,962,North Macedonia,2019,2,7.98,15.49,15.49,2019-02-01
MKD,962,North Macedonia,2019,3,6.49,18.5,18.5,2019-03-01
MKD,962,North Macedonia,2019,4,8.29,17.52,17.52,2019-04-01
MKD,962,North Macedonia,2019,5,9.93,20.97,20.97,2019-05-01
MKD,962,North Macedonia,2019,6,5.79,18.54,18.54,2019-06-01
MKD,962,North Macedonia,2019,7,9.29,20.37,20.37,2019-07-01
MKD,962,North Macedonia,2019,8,6.81,17.59,17.59,2019-08-01
MKD,962,North Macedonia,2019,9,7.91,20.53,20.53,2019-09-01
MKD,962,North Macedonia,2019,10,9.47,19.77,19.77,2019-10-01
MKD,962,North Macedonia,2019,11,6.51,17.84,17.84,2019-11-01
MKD,962,North Macedonia,2019,12,9.62,16.55,16.55,2019-12-01
MKD,962,North Macedonia,2020,1,7.35,14.95,14.95,2020-01-01
MKD,962,North Macedonia,2020,2,5.63,15.82,15.82,2020-02-01
MKD,962,North Macedonia,2020,3,7.57,19.52,19.52,2020-03-01
MKD,962,North Macedonia,2020,4,9.45,23.57,23.57,2020-04-01
MKD,962,North Macedonia,2020,5,6.29,31.96,31.96,2020-05-01
MKD,962,North Macedonia,2020,6,7.66,34.13,34.13,2020-06-01
MKD,962,North Macedonia,2020,7,8.96,35.23,35.23,2020-07-01
MKD,962,North Macedonia,2020,8,5.7,28.51,28.51,2020-08-01
MKD,962,North Macedonia,2020,9,7.91,32.03,32.03,2020-09-01
MKD,962,North Macedonia,2020,10,6.67,29.22,29.22,2020-10-01
MKD,962,North Macedonia,2020,11,7.71,28.13,28.13,2020-11-01
MKD,962,North Macedonia,2020,12,8.45,30.47,30.47,2020-12-01
MKD,962,North Macedonia,2021,1,,,,2021-01-01
MKD,962,North Macedonia,2021,2,,,,2021-02-01
XKX,967,Kosovo,2018,1,24.042833,,67.46151,2018-01-01
XKX,967,Kosovo,2018,2,21.920967,,65.26563,2018-02-01
XKX,967,Kosovo,2018,3,24.281794,,76.70997,2018-03-01
XKX,967,Kosovo,2018,4,24.886847,,78.97423,2018-04-01
XKX,967,Kosovo,2018,5,26.12979,,87.01984,2018-05-01
XKX,967,Kosovo,2018,6,21.760813,,88.96453,2018-06-01
XKX,967,Kosovo,2018,7,26.904888,,75.696526,2018-07-01
XKX,967,Kosovo,2018,8,24.927187,,82.06208,2018-08-01
XKX,967,Kosovo,2018,9,20.46756,,78.77266,2018-09-01
XKX,967,Kosovo,2018,10,27.177996,,85.787346,2018-10-01
XKX,967,Kosovo,2018,11,23.72644,,78.17564,2018-11-01
XKX,967,Kosovo,2018,12,25.87479,,78.623726,2018-12-01
XKX,967,Kosovo,2019,1,27.226593,,64.58253,2019-01-01
XKX,967,Kosovo,2019,2,20.871517,,64.27755,2019-02-01
XKX,967,Kosovo,2019,3,25.274363,,81.001526,2019-03-01
XKX,967,Kosovo,2019,4,25.842043,,77.34107,2019-04-01
XKX,967,Kosovo,2019,5,22.84197,,87.68281,2019-05-01
XKX,967,Kosovo,2019,6,21.705921,,83.01107,2019-06-01
XKX,967,Kosovo,2019,7,29.85703,,82.92518,2019-07-01
XKX,967,Kosovo,2019,8,21.648125,,82.11496,2019-08-01
XKX,967,Kosovo,2019,9,24.022064,,81.75714,2019-09-01
XKX,967,Kosovo,2019,10,28.65951,,86.421875,2019-10-01
XKX,967,Kosovo,2019,11,20.500586,,81.269745,2019-11-01
XKX,967,Kosovo,2019,12,27.583519,,80.47422,2019-12-01
XKX,967,Kosovo,2020,1,23.954292,,69.13947,2020-01-01
XKX,967,Kosovo,2020,2,25.018097,,69.06555,2020-02-01
XKX,967,Kosovo,2020,3,27.135921,,68.24902,2020-03-01
XKX,967,Kosovo,2020,4,26.131203,,65.8578,2020-04-01
XKX,967,Kosovo,2020,5,24.453827,,113.3609,2020-05-01
XKX,967,Kosovo,2020,6,26.08521,,93.339455,2020-06-01
XKX,967,Kosovo,2020,7,29.082918,,105.84931,2020-07-01
XKX,967,Kosovo,2020,8,22.911877,,96.52527,2020-08-01
XKX,967,Kosovo,2020,9,26.44993,,104.04533,2020-09-01
XKX,967,Kosovo,2020,10,23.384903,,117.101425,2020-10-01
XKX,967,Kosovo,2020,11,26.641586,,104.52473,2020-11-01
XKX,967,Kosovo,2020,12,31.452,,116.020226,2020-12-01
XKX,967,Kosovo,2021,1,25.653702,,84.3407,2021-01-01
XKX,967,Kosovo,2021,2,,,,2021-02-01
ITA,136,Italy,2018,1,648.0143,,,2018-01-01
ITA,136,Italy,2018,2,661.5445,,,2018-02-01
ITA,136,Italy,2018,3,653.1507,,,2018-03-01
ITA,136,Italy,2018,4,642.5452,,,2018-04-01
ITA,136,Italy,2018,5,625.8591,,,2018-05-01
ITA,136,Italy,2018,6,629.8952,,,2018-06-01
ITA,136,Italy,2018,7,617.42126,,,2018-07-01
ITA,136,Italy,2018,8,620.5289,,,2018-08-01
ITA,136,Italy,2018,9,628.3153,,,2018-09-01
ITA,136,Italy,2018,10,616.78156,,,2018-10-01
ITA,136,Italy,2018,11,627.57477,,,2018-11-01
ITA,136,Italy,2018,12,644.8734,,,2018-12-01
ITA,136,Italy,2019,1,661.22015,,,2019-01-01
ITA,136,Italy,2019,2,662.5598,,,2019-02-01
ITA,136,Italy,2019,3,659.65094,,,2019-03-01
ITA,136,Italy,2019,4,684.9893,,,2019-04-01
ITA,136,Italy,2019,5,679.19214,,,2019-05-01
ITA,136,Italy,2019,6,688.405,,,2019-06-01
ITA,136,Italy,2019,7,695.8297,,,2019-07-01
ITA,136,Italy,2019,8,704.9244,,,2019-08-01
ITA,136,Italy,2019,9,690.9946,,,2019-09-01
ITA,136,Italy,2019,10,697.1339,,,2019-10-01
ITA,136,Italy,2019,11,704.65845,,,2019-11-01
ITA,136,Italy,2019,12,704.51495,,,2019-12-01
ITA,136,Italy,2020,1,695.0693,,,2020-01-01
ITA,136,Italy,2020,2,688.2658,,,2020-02-01
ITA,136,Italy,2020,3,565.3922,,,2020-03-01
ITA,136,Italy,2020,4,465.7626,,,2020-04-01
ITA,136,Italy,2020,5,476.7957,,,2020-05-01
ITA,136,Italy,2020,6,508.19543,,,2020-06-01
ITA,136,Italy,2020,7,581.5906,,,2020-07-01
ITA,136,Italy,2020,8,713.0709,,,2020-08-01
ITA,136,Italy,2020,9,706.08466,,,2020-09-01
ITA,136,Italy,2020,10,691.72363,,,2020-10-01
ITA,136,Italy,2020,11,668.097,,,2020-11-01
ITA,136,Italy,2020,12,669.49567,,,2020-12-01
ITA,136,Italy,2021,1,635.35364,,,2021-01-01
ITA,136,Italy,2021,2,,,,2021-02-01
DEU,134,Germany,2018,1,1394.8689,,,2018-01-01
DEU,134,Germany,2018,2,1393.4666,,,2018-02-01
DEU,134,Germany,2018,3,1403.2874,,,2018-03-01
DEU,134,Germany,2018,4,1413.4023,,,2018-04-01
DEU,134,Germany,2018,5,1360.5996,,,2018-05-01
DEU,134,Germany,2018,6,1362.3865,,,2018-06-01
DEU,134,Germany,2018,7,1333.9048,,,2018-07-01
DEU,134,Germany,2018,8,1319.9545,,,2018-08-01
DEU,134,Germany,2018,9,1351.5232,,,2018-09-01
DEU,134,Germany,2018,10,1396.4103,,,2018-10-01
DEU,134,Germany,2018,11,1387.9315,,,2018-11-01
DEU,134,Germany,2018,12,1766.6257,,,2018-12-01
DEU,134,Germany,2019,1,1460.8837,,,2019-01-01
DEU,134,Germany,2019,2,1466.3302,,,2019-02-01
DEU,134,Germany,2019,3,1470.1119,,,2019-03-01
DEU,134,Germany,2019,4,1469.0259,,,2019-04-01
DEU,134,Germany,2019,5,1459.4985,,,2019-05-01
DEU,134,Germany,2019,6,1492.6385,,,2019-06-01
DEU,134,Germany,2019,7,1461.9606,,,2019-07-01
DEU,134,Germany,2019,8,1450.3527,,,2019-08-01
DEU,134,Germany,2019,9,1446.7461,,,2019-09-01
DEU,134,Germany,2019,10,1541.7113,,,2019-10-01
DEU,134,Germany,2019,11,1556.0912,,,2019-11-01
DEU,134,Germany,2019,12,1989.9855,,,2019-12-01
DEU,134,Germany,2020,1,1471.1101,,,2020-01-01
DEU,134,Germany,2020,2,1461.4412,,,2020-02-01
DEU,134,Germany,2020,3,1486.5869,,,2020-03-01
DEU,134,Germany,2020,4,1310.4144,,,2020-04-01
DEU,134,Germany,2020,5,1323.0616,,,2020-05-01
DEU,134,Germany,2020,6,1385.9049,,,2020-06-01
DEU,134,Germany,2020,7,1399.8693,,,2020-07-01
DEU,134,Germany,2020,8,1448.2734,,,2020-08-01
DEU,134,Germany,2020,9,1461.9545,,,2020-09-01
DEU,134,Germany,2020,10,1544.779,,,2020-10-01
DEU,134,Germany,2020,11,1560.1199,,,2020-11-01
DEU,134,Germany,2020,12,2046.6122,,,2020-12-01
DEU,134,Germany,2021,1,1620.932,,,2021-01-01
DEU,134,Germany,2021,2,,,,2021-02-01
UKR,926,Ukraine,2018,1,831.0,262.0,76.0,2018-01-01
UKR,926,Ukraine,2018,2,835.0,269.0,81.0,2018-02-01
UKR,926,Ukraine,2018,3,889.0,290.0,76.0,2018-03-01
UKR,926,Ukraine,2018,4,900.0,265.0,67.0,2018-04-01
UKR,926,Ukraine,2018,5,942.0,299.0,76.0,2018-05-01
UKR,926,Ukraine,2018,6,898.0,264.0,73.0,2018-06-01
UKR,926,Ukraine,2018,7,1022.0,269.0,72.0,2018-07-01
UKR,926,Ukraine,2018,8,1021.0,255.0,67.0,2018-08-01
UKR,926,Ukraine,2018,9,1004.0,248.0,72.0,2018-09-01
UKR,926,Ukraine,2018,10,1054.0,266.0,73.0,2018-10-01
UKR,926,Ukraine,2018,11,1046.0,256.0,70.0,2018-11-01
UKR,926,Ukraine,2018,12,1052.0,257.0,69.0,2018-12-01
UKR,926,Ukraine,2019,1,928.0,221.0,66.0,2019-01-01
UKR,926,Ukraine,2019,2,949.0,228.0,68.0,2019-02-01
UKR,926,Ukraine,2019,3,994.0,246.0,75.0,2019-03-01
UKR,926,Ukraine,2019,4,1010.0,244.0,73.0,2019-04-01
UKR,926,Ukraine,2019,5,1073.0,267.0,80.0,2019-05-01
UKR,926,Ukraine,2019,6,1012.0,237.0,76.0,2019-06-01
UKR,926,Ukraine,2019,7,1142.0,264.0,81.0,2019-07-01
UKR,926,Ukraine,2019,8,1107.0,248.0,78.0,2019-08-01
UKR,926,Ukraine,2019,9,1131.0,253.0,80.0,2019-09-01
UKR,926,Ukraine,2019,10,1146.0,269.0,88.0,2019-10-01
UKR,926,Ukraine,2019,11,1134.0,261.0,87.0,2019-11-01
UKR,926,Ukraine,2019,12,1148.0,276.0,82.0,2019-12-01
UKR,926,Ukraine,2020,1,984.0,265.0,102.0,2020-01-01
UKR,926,Ukraine,2020,2,1022.0,265.0,102.0,2020-02-01
UKR,926,Ukraine,2020,3,982.0,241.0,73.0,2020-03-01
UKR,926,Ukraine,2020,4,885.0,218.0,83.0,2020-04-01
UKR,926,Ukraine,2020,5,877.0,269.0,103.0,2020-05-01
UKR,926,Ukraine,2020,6,921.0,297.0,102.0,2020-06-01
UKR,926,Ukraine,2020,7,990.0,315.0,99.0,2020-07-01
UKR,926,Ukraine,2020,8,987.0,306.0,104.0,2020-08-01
UKR,926,Ukraine,2020,9,995.0,314.0,105.0,2020-09-01
UKR,926,Ukraine,2020,10,976.0,314.0,108.0,2020-10-01
UKR,926,Ukraine,2020,11,952.0,301.0,101.0,2020-11-01
UKR,926,Ukraine,2020,12,1037.0,341.0,114.0,2020-12-01
UKR,926,Ukraine,2021,1,826.0,266.0,90.0,2021-01-01
UKR,926,Ukraine,2021,2,901.0,286.0,91.0,2021-02-01
LKA,524,Sri Lanka,2018,1,,,729.3549,2018-01-01
LKA,524,Sri Lanka,2018,2,,,571.50024,2018-02-01
LKA,524,Sri Lanka,2018,3,,,677.6961,2018-03-01
LKA,524,Sri Lanka,2018,4,,,541.1781,2018-04-01
LKA,524,Sri Lanka,2018,5,,,580.402,2018-05-01
LKA,524,Sri Lanka,2018,6,,,523.6405,2018-06-01
LKA,524,Sri Lanka,2018,7,,,619.2972,2018-07-01
LKA,524,Sri Lanka,2018,8,,,534.197,2018-08-01
LKA,524,Sri Lanka,2018,9,,,499.5686,2018-09-01
LKA,524,Sri Lanka,2018,10,,,599.09247,2018-10-01
LKA,524,Sri Lanka,2018,11,,,555.0423,2018-11-01
LKA,524,Sri Lanka,2018,12,,,584.4501,2018-12-01
LKA,524,Sri Lanka,2019,1,,,545.3255,2019-01-01
LKA,524,Sri Lanka,2019,2,,,500.49216,2019-02-01
LKA,524,Sri Lanka,2019,3,,,571.431,2019-03-01
LKA,524,Sri Lanka,2019,4,,,553.692,2019-04-01
LKA,524,Sri Lanka,2019,5,,,562.1202,2019-05-01
LKA,524,Sri Lanka,2019,6,,,536.62756,2019-06-01
LKA,524,Sri Lanka,2019,7,,,625.6806,2019-07-01
LKA,524,Sri Lanka,2019,8,,,518.248,2019-08-01
LKA,524,Sri Lanka,2019,9,,,516.2661,2019-09-01
LKA,524,Sri Lanka,2019,10,,,607.04425,2019-10-01
LKA,524,Sri Lanka,2019,11,,,515.2612,2019-11-01
LKA,524,Sri Lanka,2019,12,,,665.0235,2019-12-01
LKA,524,Sri Lanka,2020,1,,,580.9276,2020-01-01
LKA,524,Sri Lanka,2020,2,,,527.32245,2020-02-01
LKA,524,Sri Lanka,2020,3,,,492.09158,2020-03-01
LKA,524,Sri Lanka,2020,4,,,375.01923,2020-04-01
LKA,524,Sri Lanka,2020,5,,,431.75754,2020-05-01
LKA,524,Sri Lanka,2020,6,,,572.498,2020-06-01
LKA,524,Sri Lanka,2020,7,,,702.0885,2020-07-01
LKA,524,Sri Lanka,2020,8,,,664.4568,2020-08-01
LKA,524,Sri Lanka,2020,9,,,702.6503,2020-09-01
LKA,524,Sri Lanka,2020,10,,,630.7136,2020-10-01
LKA,524,Sri Lanka,2020,11,,,611.67084,2020-11-01
LKA,524,Sri Lanka,2020,12,,,812.7378,2020-12-01
LKA,524,Sri Lanka,2021,1,,,675.339,2021-01-01
LKA,524,Sri Lanka,2021,2,,,579.6822,2021-02-01
WSM,862,Samoa,2018,1,,9.780353,,2018-01-01
WSM,862,Samoa,2018,2,,10.135444,,2018-02-01
WSM,862,Samoa,2018,3,,12.64824,,2018-03-01
WSM,862,Samoa,2018,4,,10.857454,,2018-04-01
WSM,862,Samoa,2018,5,,13.116481,,2018-05-01
WSM,862,Samoa,2018,6,,10.243791,,2018-06-01
WSM,862,Samoa,2018,7,,11.188794,,2018-07-01
WSM,862,Samoa,2018,8,,12.035421,,2018-08-01
WSM,862,Samoa,2018,9,,9.848324,,2018-09-01
WSM,862,Samoa,2018,10,,11.278777,,2018-10-01
WSM,862,Samoa,2018,11,,11.520211,,2018-11-01
WSM,862,Samoa,2018,12,,17.483543,,2018-12-01
WSM,862,Samoa,2019,1,,10.831187,,2019-01-01
WSM,862,Samoa,2019,2,,10.094064,,2019-02-01
WSM,862,Samoa,2019,3,,12.242411,,2019-03-01
WSM,862,Samoa,2019,4,,11.482369,,2019-04-01
WSM,862,Samoa,2019,5,,13.273582,,2019-05-01
WSM,862,Samoa,2019,6,,10.69101,,2019-06-01
WSM,862,Samoa,2019,7,,12.527403,,2019-07-01
WSM,862,Samoa,2019,8,,13.293013,,2019-08-01
WSM,862,Samoa,2019,9,,10.606504,,2019-09-01
WSM,862,Samoa,2019,10,,11.974371,,2019-10-01
WSM,862,Samoa,2019,11,,12.207601,,2019-11-01
WSM,862,Samoa,2019,12,,14.321396,,2019-12-01
WSM,862,Samoa,2020,1,,10.910099,,2020-01-01
WSM,862,Samoa,2020,2,,10.801801,,2020-02-01
WSM,862,Samoa,2020,3,,12.643619,,2020-03-01
WSM,862,Samoa,2020,4,,11.055688,,2020-04-01
WSM,862,Samoa,2020,5,,19.74534,,2020-05-01
WSM,862,Samoa,2020,6,,17.640068,,2020-06-01
WSM,862,Samoa,2020,7,,18.959677,,2020-07-01
WSM,862,Samoa,2020,8,,18.411188,,2020-08-01
WSM,862,Samoa,2020,9,,17.345148,,2020-09-01
WSM,862,Samoa,2020,10,,18.842907,,2020-10-01
WSM,862,Samoa,2020,11,,16.56159,,2020-11-01
WSM,862,Samoa,2020,12,,19.97495,,2020-12-01
WSM,862,Samoa,2021,1,,14.359617,,2021-01-01
WSM,862,Samoa,2021,2,,14.586874,,2021-02-01
SLV,253,El Salvador,2018,1,,380.09,,2018-01-01
SLV,253,El Salvador,2018,2,,395.0,,2018-02-01
SLV,253,El Salvador,2018,3,,450.81,,2018-03-01
SLV,253,El Salvador,2018,4,,484.82,,2018-04-01
SLV,253,El Salvador,2018,5,,486.34,,2018-05-01
SLV,253,El Salvador,2018,6,,454.47,,2018-06-01
SLV,253,El Salvador,2018,7,,457.4,,2018-07-01
SLV,253,El Salvador,2018,8,,445.42,,2018-08-01
SLV,253,El Salvador,2018,9,,429.31,,2018-09-01
SLV,253,El Salvador,2018,10,,458.92,,2018-10-01
SLV,253,El Salvador,2018,11,,424.94,,2018-11-01
SLV,253,El Salvador,2018,12,,527.18,,2018-12-01
SLV,253,El Salvador,2019,1,,398.32,,2019-01-01
SLV,253,El Salvador,2019,2,,405.41,,2019-02-01
SLV,253,El Salvador,2019,3,,492.56,,2019-03-01
SLV,253,El Salvador,2019,4,,478.62,,2019-04-01
SLV,253,El Salvador,2019,5,,507.3,,2019-05-01
SLV,253,El Salvador,2019,6,,462.5,,2019-06-01
SLV,253,El Salvador,2019,7,,485.7,,2019-07-01
SLV,253,El Salvador,2019,8,,472.29,,2019-08-01
SLV,253,El Salvador,2019,9,,459.25,,2019-09-01
SLV,253,El Salvador,2019,10,,483.82,,2019-10-01
SLV,253,El Salvador,2019,11,,458.43,,2019-11-01
SLV,253,El Salvador,2019,12,,551.98,,2019-12-01
SLV,253,El Salvador,2020,1,,423.76,,2020-01-01
SLV,253,El Salvador,2020,2,,448.54,,2020-02-01
SLV,253,El Salvador,2020,3,,435.45,,2020-03-01
SLV,253,El Salvador,2020,4,,287.32,,2020-04-01
SLV,253,El Salvador,2020,5,,414.39,,2020-05-01
SLV,253,El Salvador,2020,6,,508.14,,2020-06-01
SLV,253,El Salvador,2020,7,,553.14,,2020-07-01
SLV,253,El Salvador,2020,8,,559.3,,2020-08-01
SLV,253,El Salvador,2020,9,,553.44,,2020-09-01
SLV,253,El Salvador,2020,10,,575.42,,2020-10-01
SLV,253,El Salvador,2020,11,,519.42,,2020-11-01
SLV,253,El Salvador,2020,12,,651.62,,2020-12-01
SLV,253,El Salvador,2021,1,,515.85,,2021-01-01
SLV,253,El Salvador,2021,2,,506.8,,2021-02-01
FJI,819,Fiji,2018,1,,42.492992,,2018-01-01
FJI,819,Fiji,2018,2,,34.237236,,2018-02-01
FJI,819,Fiji,2018,3,,51.347164,,2018-03-01
FJI,819,Fiji,2018,4,,43.614796,,2018-04-01
FJI,819,Fiji,2018,5,,45.2742,,2018-05-01
FJI,819,Fiji,2018,6,,58.17213,,2018-06-01
FJI,819,Fiji,2018,7,,44.356476,,2018-07-01
FJI,819,Fiji,2018,8,,56.792515,,2018-08-01
FJI,819,Fiji,2018,9,,45.400444,,2018-09-01
FJI,819,Fiji,2018,10,,42.79472,,2018-10-01
FJI,819,Fiji,2018,11,,51.290264,,2018-11-01
FJI,819,Fiji,2018,12,,48.234993,,2018-12-01
FJI,819,Fiji,2019,1,,40.56144,,2019-01-01
FJI,819,Fiji,2019,2,,43.745335,,2019-02-01
FJI,819,Fiji,2019,3,,54.71651,,2019-03-01
FJI,819,Fiji,2019,4,,42.47637,,2019-04-01
FJI,819,Fiji,2019,5,,57.374577,,2019-05-01
FJI,819,Fiji,2019,6,,54.29605,,2019-06-01
FJI,819,Fiji,2019,7,,46.02765,,2019-07-01
FJI,819,Fiji,2019,8,,60.539856,,2019-08-01
FJI,819,Fiji,2019,9,,42.35027,,2019-09-01
FJI,819,Fiji,2019,10,,43.472126,,2019-10-01
FJI,819,Fiji,2019,11,,53.03626,,2019-11-01
FJI,819,Fiji,2019,12,,48.92283,,2019-12-01
FJI,819,Fiji,2020,1,,56.293335,,2020-01-01
FJI,819,Fiji,2020,2,,50.20013,,2020-02-01
FJI,819,Fiji,2020,3,,41.04925,,2020-03-01
FJI,819,Fiji,2020,4,,30.771366,,2020-04-01
FJI,819,Fiji,2020,5,,63.233135,,2020-05-01
FJI,819,Fiji,2020,6,,45.38554,,2020-06-01
FJI,819,Fiji,2020,7,,63.218304,,2020-07-01
FJI,819,Fiji,2020,8,,53.566578,,2020-08-01
FJI,819,Fiji,2020,9,,53.263374,,2020-09-01
FJI,819,Fiji,2020,10,,68.95613,,2020-10-01
FJI,819,Fiji,2020,11,,51.790665,,2020-11-01
FJI,819,Fiji,2020,12,,75.019,,2020-12-01
FJI,819,Fiji,2021,1,,53.2,,2021-01-01
FJI,819,Fiji,2021,2,,51.8,,2021-02-01
GEO,915,Georgia,2018,1,,110.091,,2018-01-01
GEO,915,Georgia,2018,2,,113.843,,2018-02-01
GEO,915,Georgia,2018,3,,132.484,,2018-03-01
GEO,915,Georgia,2018,4,,124.566,,2018-04-01
GEO,915,Georgia,2018,5,,130.416,,2018-05-01
GEO,915,Georgia,2018,6,,135.107,,2018-06-01
GEO,915,Georgia,2018,7,,144.392,,2018-07-01
GEO,915,Georgia,2018,8,,135.767,,2018-08-01
GEO,915,Georgia,2018,9,,131.455,,2018-09-01
GEO,915,Georgia,2018,10,,137.38,,2018-10-01
GEO,915,Georgia,2018,11,,133.279,,2018-11-01
GEO,915,Georgia,2018,12,,150.887,,2018-12-01
GEO,915,Georgia,2019,1,,115.693,,2019-01-01
GEO,915,Georgia,2019,2,,125.46781,,2019-02-01
GEO,915,Georgia,2019,3,,138.38351,,2019-03-01
GEO,915,Georgia,2019,4,,137.11798,,2019-04-01
GEO,915,Georgia,2019,5,,145.78346,,2019-05-01
GEO,915,Georgia,2019,6,,143.63452,,2019-06-01
GEO,915,Georgia,2019,7,,154.5262,,2019-07-01
GEO,915,Georgia,2019,8,,146.42407,,2019-08-01
GEO,915,Georgia,2019,9,,149.76569,,2019-09-01
GEO,915,Georgia,2019,10,,153.20808,,2019-10-01
GEO,915,Georgia,2019,11,,151.0426,,2019-11-01
GEO,915,Georgia,2019,12,,172.27036,,2019-12-01
GEO,915,Georgia,2020,1,,125.635704,,2020-01-01
GEO,915,Georgia,2020,2,,137.32547,,2020-02-01
GEO,915,Georgia,2020,3,,125.8654,,2020-03-01
GEO,915,Georgia,2020,4,,79.07849,,2020-04-01
GEO,915,Georgia,2020,5,,131.8455,,2020-05-01
GEO,915,Georgia,2020,6,,169.23495,,2020-06-01
GEO,915,Georgia,2020,7,,188.72296,,2020-07-01
GEO,915,Georgia,2020,8,,184.20776,,2020-08-01
GEO,915,Georgia,2020,9,,192.72102,,2020-09-01
GEO,915,Georgia,2020,10,,181.72922,,2020-10-01
GEO,915,Georgia,2020,11,,169.93651,,2020-11-01
GEO,915,Georgia,2020,12,,199.67892,,2020-12-01
GEO,915,Georgia,2021,1,,149.7538,,2021-01-01
GEO,915,Georgia,2021,2,,161.38228,,2021-02-01
NIC,278,Nicaragua,2018,1,,112.9,,2018-01-01
NIC,278,Nicaragua,2018,2,,116.9,,2018-02-01
NIC,278,Nicaragua,2018,3,,123.6,,2018-03-01
NIC,278,Nicaragua,2018,4,,128.9,,2018-04-01
NIC,278,Nicaragua,2018,5,,127.1,,2018-05-01
NIC,278,Nicaragua,2018,6,,115.2,,2018-06-01
NIC,278,Nicaragua,2018,7,,124.4,,2018-07-01
NIC,278,Nicaragua,2018,8,,126.7,,2018-08-01
NIC,278,Nicaragua,2018,9,,121.7,,2018-09-01
NIC,278,Nicaragua,2018,10,,128.9,,2018-10-01
NIC,278,Nicaragua,2018,11,,125.4,,2018-11-01
NIC,278,Nicaragua,2018,12,,149.5,,2018-12-01
NIC,278,Nicaragua,2019,1,,124.2,,2019-01-01
NIC,278,Nicaragua,2019,2,,122.3,,2019-02-01
NIC,278,Nicaragua,2019,3,,137.3,,2019-03-01
NIC,278,Nicaragua,2019,4,,134.5,,2019-04-01
NIC,278,Nicaragua,2019,5,,144.0,,2019-05-01
NIC,278,Nicaragua,2019,6,,134.3,,2019-06-01
NIC,278,Nicaragua,2019,7,,146.2,,2019-07-01
NIC,278,Nicaragua,2019,8,,145.5,,2019-08-01
NIC,278,Nicaragua,2019,9,,139.1,,2019-09-01
NIC,278,Nicaragua,2019,10,,144.6,,2019-10-01
NIC,278,Nicaragua,2019,11,,144.2,,2019-11-01
NIC,278,Nicaragua,2019,12,,166.2,,2019-12-01
NIC,278,Nicaragua,2020,1,,139.2,,2020-01-01
NIC,278,Nicaragua,2020,2,,143.8,,2020-02-01
NIC,278,Nicaragua,2020,3,,141.5,,2020-03-01
NIC,278,Nicaragua,2020,4,,122.2,,2020-04-01
NIC,278,Nicaragua,2020,5,,159.2,,2020-05-01
NIC,278,Nicaragua,2020,6,,154.7,,2020-06-01
NIC,278,Nicaragua,2020,7,,162.4,,2020-07-01
NIC,278,Nicaragua,2020,8,,163.0,,2020-08-01
NIC,278,Nicaragua,2020,9,,156.7,,2020-09-01
NIC,278,Nicaragua,2020,10,,165.5,,2020-10-01
NIC,278,Nicaragua,2020,11,,152.3,,2020-11-01
NIC,278,Nicaragua,2020,12,,190.9,,2020-12-01
NIC,278,Nicaragua,2021,1,,156.1,,2021-01-01
NIC,278,Nicaragua,2021,2,,,,2021-02-01
DOM,243,Dominican Republic,2018,1,,494.41614,,2018-01-01
DOM,243,Dominican Republic,2018,2,,455.87787,,2018-02-01
DOM,243,Dominican Republic,2018,3,,600.61646,,2018-03-01
DOM,243,Dominican Republic,2018,4,,537.8346,,2018-04-01
DOM,243,Dominican Republic,2018,5,,569.3153,,2018-05-01
DOM,243,Dominican Republic,2018,6,,557.7475,,2018-06-01
DOM,243,Dominican Republic,2018,7,,583.1634,,2018-07-01
DOM,243,Dominican Republic,2018,8,,551.48474,,2018-08-01
DOM,243,Dominican Republic,2018,9,,515.9785,,2018-09-01
DOM,243,Dominican Republic,2018,10,,525.55853,,2018-10-01
DOM,243,Dominican Republic,2018,11,,498.1413,,2018-11-01
DOM,243,Dominican Republic,2018,12,,603.9294,,2018-12-01
DOM,243,Dominican Republic,2019,1,,537.0276,,2019-01-01
DOM,243,Dominican Republic,2019,2,,540.6841,,2019-02-01
DOM,243,Dominican Republic,2019,3,,665.4899,,2019-03-01
DOM,243,Dominican Republic,2019,4,,585.19836,,2019-04-01
DOM,243,Dominican Republic,2019,5,,541.94617,,2019-05-01
DOM,243,Dominican Republic,2019,6,,587.00793,,2019-06-01
DOM,243,Dominican Republic,2019,7,,640.2989,,2019-07-01
DOM,243,Dominican Republic,2019,8,,628.40326,,2019-08-01
DOM,243,Dominican Republic,2019,9,,566.86255,,2019-09-01
DOM,243,Dominican Republic,2019,10,,580.3295,,2019-10-01
DOM,243,Dominican Republic,2019,11,,557.11707,,2019-11-01
DOM,243,Dominican Republic,2019,12,,656.68005,,2019-12-01
DOM,243,Dominican Republic,2020,1,,586.8518,,2020-01-01
DOM,243,Dominican Republic,2020,2,,596.2168,,2020-02-01
DOM,243,Dominican Republic,2020,3,,520.1394,,2020-03-01
DOM,243,Dominican Republic,2020,4,,395.00424,,2020-04-01
DOM,243,Dominican Republic,2020,5,,638.7304,,2020-05-01
DOM,243,Dominican Republic,2020,6,,737.908,,2020-06-01
DOM,243,Dominican Republic,2020,7,,827.7138,,2020-07-01
DOM,243,Dominican Republic,2020,8,,769.93384,,2020-08-01
DOM,243,Dominican Republic,2020,9,,777.3502,,2020-09-01
DOM,243,Dominican Republic,2020,10,,789.59045,,2020-10-01
DOM,243,Dominican Republic,2020,11,,707.5102,,2020-11-01
DOM,243,Dominican Republic,2020,12,,872.3137,,2020-12-01
DOM,243,Dominican Republic,2021,1,,792.83954,,2021-01-01
DOM,243,Dominican Republic,2021,2,,760.95886,,2021-02-01
ARM,911,Armenia,2018,1,,94.67175,,2018-01-01
ARM,911,Armenia,2018,2,,126.52728,,2018-02-01
ARM,911,Armenia,2018,3,,137.10149,,2018-03-01
ARM,911,Armenia,2018,4,,125.40003,,2018-04-01
ARM,911,Armenia,2018,5,,139.67255,,2018-05-01
ARM,911,Armenia,2018,6,,164.20047,,2018-06-01
ARM,911,Armenia,2018,7,,179.41473,,2018-07-01
ARM,911,Armenia,2018,8,,160.45988,,2018-08-01
ARM,911,Armenia,2018,9,,151.68164,,2018-09-01
ARM,911,Armenia,2018,10,,176.45264,,2018-10-01
ARM,911,Armenia,2018,11,,155.62996,,2018-11-01
ARM,911,Armenia,2018,12,,173.74406,,2018-12-01
ARM,911,Armenia,2019,1,,119.09412,,2019-01-01
ARM,911,Armenia,2019,2,,140.23532,,2019-02-01
ARM,911,Armenia,2019,3,,132.13622,,2019-03-01
ARM,911,Armenia,2019,4,,144.3218,,2019-04-01
ARM,911,Armenia,2019,5,,168.85062,,2019-05-01
ARM,911,Armenia,2019,6,,161.94814,,2019-06-01
ARM,911,Armenia,2019,7,,188.66985,,2019-07-01
ARM,911,Armenia,2019,8,,180.78168,,2019-08-01
ARM,911,Armenia,2019,9,,165.62636,,2019-09-01
ARM,911,Armenia,2019,10,,181.39359,,2019-10-01
ARM,911,Armenia,2019,11,,159.29173,,2019-11-01
ARM,911,Armenia,2019,12,,216.22334,,2019-12-01
ARM,911,Armenia,2020,1,,112.607834,,2020-01-01
ARM,911,Armenia,2020,2,,123.11516,,2020-02-01
ARM,911,Armenia,2020,3,,117.8401,,2020-03-01
ARM,911,Armenia,2020,4,,90.5999,,2020-04-01
ARM,911,Armenia,2020,5,,102.01645,,2020-05-01
ARM,911,Armenia,2020,6,,169.41087,,2020-06-01
ARM,911,Armenia,2020,7,,177.69917,,2020-07-01
ARM,911,Armenia,2020,8,,194.67221,,2020-08-01
ARM,911,Armenia,2020,9,,190.50948,,2020-09-01
ARM,911,Armenia,2020,10,,211.46863,,2020-10-01
ARM,911,Armenia,2020,11,,152.66534,,2020-11-01
ARM,911,Armenia,2020,12,,199.07355,,2020-12-01
ARM,911,Armenia,2021,1,,114.44669,,2021-01-01
ARM,911,Armenia,2021,2,,131.70494,,2021-02-01
BRA,223,Brazil,2018,1,31.3,221.7,,2018-01-01
BRA,223,Brazil,2018,2,28.4,195.0,,2018-02-01
BRA,223,Brazil,2018,3,35.8,200.0,,2018-03-01
BRA,223,Brazil,2018,4,32.6,212.7,,2018-04-01
BRA,223,Brazil,2018,5,33.5,241.1,,2018-05-01
BRA,223,Brazil,2018,6,26.0,200.6,,2018-06-01
BRA,223,Brazil,2018,7,43.0,210.7,,2018-07-01
BRA,223,Brazil,2018,8,29.7,244.0,,2018-08-01
BRA,223,Brazil,2018,9,23.3,206.7,,2018-09-01
BRA,223,Brazil,2018,10,30.9,226.2,,2018-10-01
BRA,223,Brazil,2018,11,24.6,201.9,,2018-11-01
BRA,223,Brazil,2018,12,29.2,204.6,,2018-12-01
BRA,223,Brazil,2019,1,29.2,214.0,,2019-01-01
BRA,223,Brazil,2019,2,48.4,193.0,,2019-02-01
BRA,223,Brazil,2019,3,32.1,285.9,,2019-03-01
BRA,223,Brazil,2019,4,29.4,227.5,,2019-04-01
BRA,223,Brazil,2019,5,25.1,251.4,,2019-05-01
BRA,223,Brazil,2019,6,19.9,211.0,,2019-06-01
BRA,223,Brazil,2019,7,28.9,239.7,,2019-07-01
BRA,223,Brazil,2019,8,27.9,285.4,,2019-08-01
BRA,223,Brazil,2019,9,25.3,248.6,,2019-09-01
BRA,223,Brazil,2019,10,21.0,242.4,,2019-10-01
BRA,223,Brazil,2019,11,19.8,246.0,,2019-11-01
BRA,223,Brazil,2019,12,26.0,235.6,,2019-12-01
BRA,223,Brazil,2020,1,28.2,233.1,,2020-01-01
BRA,223,Brazil,2020,2,19.6,204.9,,2020-02-01
BRA,223,Brazil,2020,3,26.5,289.7,,2020-03-01
BRA,223,Brazil,2020,4,27.8,235.6,,2020-04-01
BRA,223,Brazil,2020,5,17.0,268.1,,2020-05-01
BRA,223,Brazil,2020,6,20.1,290.0,,2020-06-01
BRA,223,Brazil,2020,7,19.8,275.2,,2020-07-01
BRA,223,Brazil,2020,8,21.2,317.6,,2020-08-01
BRA,223,Brazil,2020,9,19.4,293.2,,2020-09-01
BRA,223,Brazil,2020,10,18.7,316.9,,2020-10-01
BRA,223,Brazil,2020,11,15.4,282.6,,2020-11-01
BRA,223,Brazil,2020,12,20.9,304.8,,2020-12-01
BRA,223,Brazil,2021,1,24.4,298.5,,2021-01-01
BRA,223,Brazil,2021,2,15.7,302.2,,2021-02-01
KEN,664,Kenya,2018,1,,208.92155,,2018-01-01
KEN,664,Kenya,2018,2,,210.36159,,2018-02-01
KEN,664,Kenya,2018,3,,222.22255,,2018-03-01
KEN,664,Kenya,2018,4,,217.10147,,2018-04-01
KEN,664,Kenya,2018,5,,253.73404,,2018-05-01
KEN,664,Kenya,2018,6,,266.18658,,2018-06-01
KEN,664,Kenya,2018,7,,215.26848,,2018-07-01
KEN,664,Kenya,2018,8,,215.55638,,2018-08-01
KEN,664,Kenya,2018,9,,205.1348,,2018-09-01
KEN,664,Kenya,2018,10,,219.20798,,2018-10-01
KEN,664,Kenya,2018,11,,220.21535,,2018-11-01
KEN,664,Kenya,2018,12,,243.55164,,2018-12-01
KEN,664,Kenya,2019,1,,244.83305,,2019-01-01
KEN,664,Kenya,2019,2,,199.07365,,2019-02-01
KEN,664,Kenya,2019,3,,221.92596,,2019-03-01
KEN,664,Kenya,2019,4,,245.35953,,2019-04-01
KEN,664,Kenya,2019,5,,243.19333,,2019-05-01
KEN,664,Kenya,2019,6,,295.317,,2019-06-01
KEN,664,Kenya,2019,7,,224.48734,,2019-07-01
KEN,664,Kenya,2019,8,,214.31393,,2019-08-01
KEN,664,Kenya,2019,9,,214.65372,,2019-09-01
KEN,664,Kenya,2019,10,,224.2972,,2019-10-01
KEN,664,Kenya,2019,11,,218.84476,,2019-11-01
KEN,664,Kenya,2019,12,,250.30774,,2019-12-01
KEN,664,Kenya,2020,1,,259.3927,,2020-01-01
KEN,664,Kenya,2020,2,,218.99193,,2020-02-01
KEN,664,Kenya,2020,3,,228.81078,,2020-03-01
KEN,664,Kenya,2020,4,,208.21773,,2020-04-01
KEN,664,Kenya,2020,5,,258.15005,,2020-05-01
KEN,664,Kenya,2020,6,,288.54437,,2020-06-01
KEN,664,Kenya,2020,7,,276.98767,,2020-07-01
KEN,664,Kenya,2020,8,,274.13843,,2020-08-01
KEN,664,Kenya,2020,9,,260.67242,,2020-09-01
KEN,664,Kenya,2020,10,,263.1009,,2020-10-01
KEN,664,Kenya,2020,11,,257.68564,,2020-11-01
KEN,664,Kenya,2020,12,,299.57925,,2020-12-01
KEN,664,Kenya,2021,1,,278.34665,,2021-01-01
KEN,664,Kenya,2021,2,,260.28577,,2021-02-01
KOR,542,"Korea, Rep.",2018,1,69.2,518.1,,2018-01-01
KOR,542,"Korea, Rep.",2018,2,63.7,514.9,,2018-02-01
KOR,542,"Korea, Rep.",2018,3,64.5,544.7,,2018-03-01
KOR,542,"Korea, Rep.",2018,4,62.3,504.3,,2018-04-01
KOR,542,"Korea, Rep.",2018,5,64.1,525.0,,2018-05-01
KOR,542,"Korea, Rep.",2018,6,69.8,574.0,,2018-06-01
KOR,542,"Korea, Rep.",2018,7,62.6,580.3,,2018-07-01
KOR,542,"Korea, Rep.",2018,8,70.7,515.1,,2018-08-01
KOR,542,"Korea, Rep.",2018,9,81.2,472.5,,2018-09-01
KOR,542,"Korea, Rep.",2018,10,64.7,545.5,,2018-10-01
KOR,542,"Korea, Rep.",2018,11,67.0,476.9,,2018-11-01
KOR,542,"Korea, Rep.",2018,12,79.8,534.2,,2018-12-01
KOR,542,"Korea, Rep.",2019,1,70.0,608.3,,2019-01-01
KOR,542,"Korea, Rep.",2019,2,57.8,487.6,,2019-02-01
KOR,542,"Korea, Rep.",2019,3,67.2,543.2,,2019-03-01
KOR,542,"Korea, Rep.",2019,4,69.7,554.5,,2019-04-01
KOR,542,"Korea, Rep.",2019,5,63.8,630.6,,2019-05-01
KOR,542,"Korea, Rep.",2019,6,60.3,481.7,,2019-06-01
KOR,542,"Korea, Rep.",2019,7,74.0,542.9,,2019-07-01
KOR,542,"Korea, Rep.",2019,8,60.2,587.0,,2019-08-01
KOR,542,"Korea, Rep.",2019,9,68.3,480.4,,2019-09-01
KOR,542,"Korea, Rep.",2019,10,60.3,469.0,,2019-10-01
KOR,542,"Korea, Rep.",2019,11,56.1,451.5,,2019-11-01
KOR,542,"Korea, Rep.",2019,12,57.2,564.5,,2019-12-01
KOR,542,"Korea, Rep.",2020,1,65.8,560.4,,2020-01-01
KOR,542,"Korea, Rep.",2020,2,63.2,580.8,,2020-02-01
KOR,542,"Korea, Rep.",2020,3,78.1,709.3,,2020-03-01
KOR,542,"Korea, Rep.",2020,4,64.0,460.0,,2020-04-01
KOR,542,"Korea, Rep.",2020,5,57.2,495.2,,2020-05-01
KOR,542,"Korea, Rep.",2020,6,58.7,532.4,,2020-06-01
KOR,542,"Korea, Rep.",2020,7,58.5,581.3,,2020-07-01
KOR,542,"Korea, Rep.",2020,8,77.8,564.4,,2020-08-01
KOR,542,"Korea, Rep.",2020,9,61.9,536.7,,2020-09-01
KOR,542,"Korea, Rep.",2020,10,63.7,510.6,,2020-10-01
KOR,542,"Korea, Rep.",2020,11,61.2,489.5,,2020-11-01
KOR,542,"Korea, Rep.",2020,12,69.5,612.6,,2020-12-01
KOR,542,"Korea, Rep.",2021,1,67.8,592.1,,2021-01-01
KOR,542,"Korea, Rep.",2021,2,,,,2021-02-01
KGZ,917,Kyrgyz Republic,2018,1,,148.36394,,2018-01-01
KGZ,917,Kyrgyz Republic,2018,2,,161.68822,,2018-02-01
KGZ,917,Kyrgyz Republic,2018,3,,195.70857,,2018-03-01
KGZ,917,Kyrgyz Republic,2018,4,,204.50604,,2018-04-01
KGZ,917,Kyrgyz Republic,2018,5,,262.00766,,2018-05-01
KGZ,917,Kyrgyz Republic,2018,6,,256.45084,,2018-06-01
KGZ,917,Kyrgyz Republic,2018,7,,279.41653,,2018-07-01
KGZ,917,Kyrgyz Republic,2018,8,,235.95387,,2018-08-01
KGZ,917,Kyrgyz Republic,2018,9,,227.5507,,2018-09-01
KGZ,917,Kyrgyz Republic,2018,10,,271.0909,,2018-10-01
KGZ,917,Kyrgyz Republic,2018,11,,236.63168,,2018-11-01
KGZ,917,Kyrgyz Republic,2018,12,,205.90407,,2018-12-01
KGZ,917,Kyrgyz Republic,2019,1,,165.1725,,2019-01-01
KGZ,917,Kyrgyz Republic,2019,2,,179.3717,,2019-02-01
KGZ,917,Kyrgyz Republic,2019,3,,195.81715,,2019-03-01
KGZ,917,Kyrgyz Republic,2019,4,,200.13033,,2019-04-01
KGZ,917,Kyrgyz Republic,2019,5,,194.28232,,2019-05-01
KGZ,917,Kyrgyz Republic,2019,6,,191.61014,,2019-06-01
KGZ,917,Kyrgyz Republic,2019,7,,224.65736,,2019-07-01
KGZ,917,Kyrgyz Republic,2019,8,,219.36305,,2019-08-01
KGZ,917,Kyrgyz Republic,2019,9,,209.87033,,2019-09-01
KGZ,917,Kyrgyz Republic,2019,10,,220.35489,,2019-10-01
KGZ,917,Kyrgyz Republic,2019,11,,191.28572,,2019-11-01
KGZ,917,Kyrgyz Republic,2019,12,,214.93793,,2019-12-01
KGZ,917,Kyrgyz Republic,2020,1,,148.53137,,2020-01-01
KGZ,917,Kyrgyz Republic,2020,2,,165.0775,,2020-02-01
KGZ,917,Kyrgyz Republic,2020,3,,144.04982,,2020-03-01
KGZ,917,Kyrgyz Republic,2020,4,,76.32925,,2020-04-01
KGZ,917,Kyrgyz Republic,2020,5,,165.3277,,2020-05-01
KGZ,917,Kyrgyz Republic,2020,6,,277.93884,,2020-06-01
KGZ,917,Kyrgyz Republic,2020,7,,249.65521,,2020-07-01
KGZ,917,Kyrgyz Republic,2020,8,,238.68126,,2020-08-01
KGZ,917,Kyrgyz Republic,2020,9,,267.18698,,2020-09-01
KGZ,917,Kyrgyz Republic,2020,10,,226.23567,,2020-10-01
KGZ,917,Kyrgyz Republic,2020,11,,201.10054,,2020-11-01
KGZ,917,Kyrgyz Republic,2020,12,,217.04881,,2020-12-01
KGZ,917,Kyrgyz Republic,2021,1,,151.51201,,2021-01-01
KGZ,917,Kyrgyz Republic,2021,2,,,,2021-02-01
MEX,273,Mexico,2018,1,,,2267.623,2018-01-01
MEX,273,Mexico,2018,2,,,2244.4429,2018-02-01
MEX,273,Mexico,2018,3,,,2674.8574,2018-03-01
MEX,273,Mexico,2018,4,,,2760.9456,2018-04-01
MEX,273,Mexico,2018,5,,,3155.952,2018-05-01
MEX,273,Mexico,2018,6,,,3140.6653,2018-06-01
MEX,273,Mexico,2018,7,,,2858.0037,2018-07-01
MEX,273,Mexico,2018,8,,,2883.364,2018-08-01
MEX,273,Mexico,2018,9,,,2718.0974,2018-09-01
MEX,273,Mexico,2018,10,,,3017.334,2018-10-01
MEX,273,Mexico,2018,11,,,2964.771,2018-11-01
MEX,273,Mexico,2018,12,,,2991.171,2018-12-01
MEX,273,Mexico,2019,1,,,2484.7922,2019-01-01
MEX,273,Mexico,2019,2,,,2467.0415,2019-02-01
MEX,273,Mexico,2019,3,,,2992.9243,2019-03-01
MEX,273,Mexico,2019,4,,,2970.229,2019-04-01
MEX,273,Mexico,2019,5,,,3317.651,2019-05-01
MEX,273,Mexico,2019,6,,,3218.349,2019-06-01
MEX,273,Mexico,2019,7,,,3293.6963,2019-07-01
MEX,273,Mexico,2019,8,,,3393.7312,2019-08-01
MEX,273,Mexico,2019,9,,,3101.2412,2019-09-01
MEX,273,Mexico,2019,10,,,3155.015,2019-10-01
MEX,273,Mexico,2019,11,,,2924.9148,2019-11-01
MEX,273,Mexico,2019,12,,,3119.1724,2019-12-01
MEX,273,Mexico,2020,1,,,2620.8567,2020-01-01
MEX,273,Mexico,2020,2,,,2732.026,2020-02-01
MEX,273,Mexico,2020,3,,,4044.8245,2020-03-01
MEX,273,Mexico,2020,4,,,2909.5342,2020-04-01
MEX,273,Mexico,2020,5,,,3445.427,2020-05-01
MEX,273,Mexico,2020,6,,,3536.9883,2020-06-01
MEX,273,Mexico,2020,7,,,3531.8508,2020-07-01
MEX,273,Mexico,2020,8,,,3574.2163,2020-08-01
MEX,273,Mexico,2020,9,,,3570.3591,2020-09-01
MEX,273,Mexico,2020,10,,,3598.2974,2020-10-01
MEX,273,Mexico,2020,11,,,3381.2485,2020-11-01
MEX,273,Mexico,2020,12,,,3660.974,2020-12-01
MEX,273,Mexico,2021,1,,,3297.883,2021-01-01
MEX,273,Mexico,2021,2,,,,2021-02-01
PAK,564,Pakistan,2018,1,,,1662.25,2018-01-01
PAK,564,Pakistan,2018,2,,,1473.07,2018-02-01
PAK,564,Pakistan,2018,3,,,1803.6,2018-03-01
PAK,564,Pakistan,2018,4,,,1678.87,2018-04-01
PAK,564,Pakistan,2018,5,,,1804.08,2018-05-01
PAK,564,Pakistan,2018,6,,,1627.65,2018-06-01
PAK,564,Pakistan,2018,7,,,1974.35,2018-07-01
PAK,564,Pakistan,2018,8,,,2083.08,2018-08-01
PAK,564,Pakistan,2018,9,,,1480.3,2018-09-01
PAK,564,Pakistan,2018,10,,,2052.55,2018-10-01
PAK,564,Pakistan,2018,11,,,1657.0,2018-11-01
PAK,564,Pakistan,2018,12,,,1740.54,2018-12-01
PAK,564,Pakistan,2019,1,,,1735.85,2019-01-01
PAK,564,Pakistan,2019,2,,,1573.68,2019-02-01
PAK,564,Pakistan,2019,3,,,1733.5,2019-03-01
PAK,564,Pakistan,2019,4,,,1770.16,2019-04-01
PAK,564,Pakistan,2019,5,,,2302.02,2019-05-01
PAK,564,Pakistan,2019,6,,,1636.37,2019-06-01
PAK,564,Pakistan,2019,7,,,2028.28,2019-07-01
PAK,564,Pakistan,2019,8,,,1683.95,2019-08-01
PAK,564,Pakistan,2019,9,,,1740.25,2019-09-01
PAK,564,Pakistan,2019,10,,,2001.22,2019-10-01
PAK,564,Pakistan,2019,11,,,1821.45,2019-11-01
PAK,564,Pakistan,2019,12,,,2097.07,2019-12-01
PAK,564,Pakistan,2020,1,,,1906.98,2020-01-01
PAK,564,Pakistan,2020,2,,,1824.83,2020-02-01
PAK,564,Pakistan,2020,3,,,1904.68,2020-03-01
PAK,564,Pakistan,2020,4,,,1785.1,2020-04-01
PAK,564,Pakistan,2020,5,,,1865.23,2020-05-01
PAK,564,Pakistan,2020,6,,,2473.27,2020-06-01
PAK,564,Pakistan,2020,7,,,2763.99,2020-07-01
PAK,564,Pakistan,2020,8,,,2095.24,2020-08-01
PAK,564,Pakistan,2020,9,,,2284.03,2020-09-01
PAK,564,Pakistan,2020,10,,,2284.2356,2020-10-01
PAK,564,Pakistan,2020,11,,,2338.639,2020-11-01
PAK,564,Pakistan,2020,12,,,2436.97,2020-12-01
PAK,564,Pakistan,2021,1,,,2273.5688,2021-01-01
PAK,564,Pakistan,2021,2,,,2265.9487,2021-02-01
PRY,288,Paraguay,2018,1,,49.69353,,2018-01-01
PRY,288,Paraguay,2018,2,,44.92286,,2018-02-01
PRY,288,Paraguay,2018,3,,47.029034,,2018-03-01
PRY,288,Paraguay,2018,4,,46.067493,,2018-04-01
PRY,288,Paraguay,2018,5,,57.334877,,2018-05-01
PRY,288,Paraguay,2018,6,,44.129055,,2018-06-01
PRY,288,Paraguay,2018,7,,42.43148,,2018-07-01
PRY,288,Paraguay,2018,8,,47.860317,,2018-08-01
PRY,288,Paraguay,2018,9,,40.12612,,2018-09-01
PRY,288,Paraguay,2018,10,,47.416485,,2018-10-01
PRY,288,Paraguay,2018,11,,46.250774,,2018-11-01
PRY,288,Paraguay,2018,12,,55.796726,,2018-12-01
PRY,288,Paraguay,2019,1,,44.020317,,2019-01-01
PRY,288,Paraguay,2019,2,,41.82325,,2019-02-01
PRY,288,Paraguay,2019,3,,41.574448,,2019-03-01
PRY,288,Paraguay,2019,4,,52.010216,,2019-04-01
PRY,288,Paraguay,2019,5,,48.12877,,2019-05-01
PRY,288,Paraguay,2019,6,,45.041508,,2019-06-01
PRY,288,Paraguay,2019,7,,51.730328,,2019-07-01
PRY,288,Paraguay,2019,8,,45.360554,,2019-08-01
PRY,288,Paraguay,2019,9,,40.76062,,2019-09-01
PRY,288,Paraguay,2019,10,,53.036606,,2019-10-01
PRY,288,Paraguay,2019,11,,44.40814,,2019-11-01
PRY,288,Paraguay,2019,12,,47.097134,,2019-12-01
PRY,288,Paraguay,2020,1,,41.275135,,2020-01-01
PRY,288,Paraguay,2020,2,,39.90545,,2020-02-01
PRY,288,Paraguay,2020,3,,33.56744,,2020-03-01
PRY,288,Paraguay,2020,4,,20.130074,,2020-04-01
PRY,288,Paraguay,2020,5,,33.87326,,2020-05-01
PRY,288,Paraguay,2020,6,,40.02533,,2020-06-01
PRY,288,Paraguay,2020,7,,57.805504,,2020-07-01
PRY,288,Paraguay,2020,8,,43.072678,,2020-08-01
PRY,288,Paraguay,2020,9,,49.560177,,2020-09-01
PRY,288,Paraguay,2020,10,,38.858353,,2020-10-01
PRY,288,Paraguay,2020,11,,39.43163,,2020-11-01
PRY,288,Paraguay,2020,12,,48.92413,,2020-12-01
PRY,288,Paraguay,2021,1,,36.237156,,2021-01-01
PRY,288,Paraguay,2021,2,,36.459667,,2021-02-01
FRA,132,France,2018,1,,,87.8184,2018-01-01
FRA,132,France,2018,2,,,88.848,2018-02-01
FRA,132,France,2018,3,,,88.8048,2018-03-01
FRA,132,France,2018,4,,,88.344,2018-04-01
FRA,132,France,2018,5,,,85.1256,2018-05-01
FRA,132,France,2018,6,,,84.0888,2018-06-01
FRA,132,France,2018,7,,,84.132,2018-07-01
FRA,132,France,2018,8,,,83.1384,2018-08-01
FRA,132,France,2018,9,,,84.0024,2018-09-01
FRA,132,France,2018,10,,,82.7136,2018-10-01
FRA,132,France,2018,11,,,81.8208,2018-11-01
FRA,132,France,2018,12,,,81.936,2018-12-01
FRA,132,France,2019,1,,,83.3514,2019-01-01
FRA,132,France,2019,2,,,82.8477,2019-02-01
FRA,132,France,2019,3,,,82.4608,2019-03-01
FRA,132,France,2019,4,,,82.0082,2019-04-01
FRA,132,France,2019,5,,,81.6651,2019-05-01
FRA,132,France,2019,6,,,82.4535,2019-06-01
FRA,132,France,2019,7,,,81.8403,2019-07-01
FRA,132,France,2019,8,,,81.2417,2019-08-01
FRA,132,France,2019,9,,,80.3803,2019-09-01
FRA,132,France,2019,10,,,80.723404,2019-10-01
FRA,132,France,2019,11,,,80.6723,2019-11-01
FRA,132,France,2019,12,,,81.1322,2019-12-01
FRA,132,France,2020,1,,,81.0154,2020-01-01
FRA,132,France,2020,2,,,79.6503,2020-02-01
FRA,132,France,2020,3,,,80.6358,2020-03-01
FRA,132,France,2020,4,,,79.3583,2020-04-01
FRA,132,France,2020,5,,,79.6211,2020-05-01
FRA,132,France,2020,6,,,82.1907,2020-06-01
FRA,132,France,2020,7,,,83.8624,2020-07-01
FRA,132,France,2020,8,,,86.3663,2020-08-01
FRA,132,France,2020,9,,,86.0305,2020-09-01
FRA,132,France,2020,10,,,85.9064,2020-10-01
FRA,132,France,2020,11,,,86.3298,2020-11-01
FRA,132,France,2020,12,,,83.9592,2020-12-01
FRA,132,France,2021,1,,,,2021-01-01
FRA,132,France,2021,2,,,,2021-02-01
BGD,513,Bangladesh,2018,1,,,1379.76,2018-01-01
BGD,513,Bangladesh,2018,2,,,1149.0745,2018-02-01
BGD,513,Bangladesh,2018,3,,,1299.77,2018-03-01
BGD,513,Bangladesh,2018,4,,,1331.3297,2018-04-01
BGD,513,Bangladesh,2018,5,,,1504.9797,2018-05-01
BGD,513,Bangladesh,2018,6,,,1384.3793,2018-06-01
BGD,513,Bangladesh,2018,7,,,1318.1797,2018-07-01
BGD,513,Bangladesh,2018,8,,,1411.05,2018-08-01
BGD,513,Bangladesh,2018,9,,,1139.66,2018-09-01
BGD,513,Bangladesh,2018,10,,,1239.1105,2018-10-01
BGD,513,Bangladesh,2018,11,,,1180.4406,2018-11-01
BGD,513,Bangladesh,2018,12,,,1206.91,2018-12-01
BGD,513,Bangladesh,2019,1,,,1597.2423,2019-01-01
BGD,513,Bangladesh,2019,2,,,1317.7567,2019-02-01
BGD,513,Bangladesh,2019,3,,,1458.6471,2019-03-01
BGD,513,Bangladesh,2019,4,,,1434.3007,2019-04-01
BGD,513,Bangladesh,2019,5,,,1748.1598,2019-05-01
BGD,513,Bangladesh,2019,6,,,1368.2,2019-06-01
BGD,513,Bangladesh,2019,7,,,1597.6825,2019-07-01
BGD,513,Bangladesh,2019,8,,,1444.75,2019-08-01
BGD,513,Bangladesh,2019,9,,,1476.91,2019-09-01
BGD,513,Bangladesh,2019,10,,,1640.1243,2019-10-01
BGD,513,Bangladesh,2019,11,,,1555.23,2019-11-01
BGD,513,Bangladesh,2019,12,,,1691.688,2019-12-01
BGD,513,Bangladesh,2020,1,,,1638.43,2020-01-01
BGD,513,Bangladesh,2020,2,,,1452.1863,2020-02-01
BGD,513,Bangladesh,2020,3,,,1276.26,2020-03-01
BGD,513,Bangladesh,2020,4,,,1092.96,2020-04-01
BGD,513,Bangladesh,2020,5,,,1504.6,2020-05-01
BGD,513,Bangladesh,2020,6,,,1833.025,2020-06-01
BGD,513,Bangladesh,2020,7,,,2598.158,2020-07-01
BGD,513,Bangladesh,2020,8,,,1963.9169,2020-08-01
BGD,513,Bangladesh,2020,9,,,2151.0627,2020-09-01
BGD,513,Bangladesh,2020,10,,,2102.1921,2020-10-01
BGD,513,Bangladesh,2020,11,,,2078.7522,2020-11-01
BGD,513,Bangladesh,2020,12,,,2050.6572,2020-12-01
BGD,513,Bangladesh,2021,1,,,,2021-01-01
BGD,513,Bangladesh,2021,2,,,,2021-02-01
GMB,648,"Gambia, The",2018,1,,21.53,,2018-01-01
GMB,648,"Gambia, The",2018,2,,18.48,,2018-02-01
GMB,648,"Gambia, The",2018,3,,23.41,,2018-03-01
GMB,648,"Gambia, The",2018,4,,22.55,,2018-04-01
GMB,648,"Gambia, The",2018,5,,27.67,,2018-05-01
GMB,648,"Gambia, The",2018,6,,24.82,,2018-06-01
GMB,648,"Gambia, The",2018,7,,23.19,,2018-07-01
GMB,648,"Gambia, The",2018,8,,26.43,,2018-08-01
GMB,648,"Gambia, The",2018,9,,21.81,,2018-09-01
GMB,648,"Gambia, The",2018,10,,23.32,,2018-10-01
GMB,648,"Gambia, The",2018,11,,21.63,,2018-11-01
GMB,648,"Gambia, The",2018,12,,23.05,,2018-12-01
GMB,648,"Gambia, The",2019,1,,24.45,,2019-01-01
GMB,648,"Gambia, The",2019,2,,24.06,,2019-02-01
GMB,648,"Gambia, The",2019,3,,27.56,,2019-03-01
GMB,648,"Gambia, The",2019,4,,28.89,,2019-04-01
GMB,648,"Gambia, The",2019,5,,34.08,,2019-05-01
GMB,648,"Gambia, The",2019,6,,26.37,,2019-06-01
GMB,648,"Gambia, The",2019,7,,29.36,,2019-07-01
GMB,648,"Gambia, The",2019,8,,28.69,,2019-08-01
GMB,648,"Gambia, The",2019,9,,26.16,,2019-09-01
GMB,648,"Gambia, The",2019,10,,27.23,,2019-10-01
GMB,648,"Gambia, The",2019,11,,25.89,,2019-11-01
GMB,648,"Gambia, The",2019,12,,27.07,,2019-12-01
GMB,648,"Gambia, The",2020,1,,29.22,,2020-01-01
GMB,648,"Gambia, The",2020,2,,29.66,,2020-02-01
GMB,648,"Gambia, The",2020,3,,32.76,,2020-03-01
GMB,648,"Gambia, The",2020,4,,46.24,,2020-04-01
GMB,648,"Gambia, The",2020,5,,52.83,,2020-05-01
GMB,648,"Gambia, The",2020,6,,60.33,,2020-06-01
GMB,648,"Gambia, The",2020,7,,67.82,,2020-07-01
GMB,648,"Gambia, The",2020,8,,49.18,,2020-08-01
GMB,648,"Gambia, The",2020,9,,52.96,,2020-09-01
GMB,648,"Gambia, The",2020,10,,53.59,,2020-10-01
GMB,648,"Gambia, The",2020,11,,52.46,,2020-11-01
GMB,648,"Gambia, The",2020,12,,62.76,,2020-12-01
GMB,648,"Gambia, The",2021,1,,,,2021-01-01
GMB,648,"Gambia, The",2021,2,,,,2021-02-01
BGR,918,Bulgaria,2018,1,27.22626,,54.611217,2018-01-01
BGR,918,Bulgaria,2018,2,31.781929,,59.825634,2018-02-01
BGR,918,Bulgaria,2018,3,37.092766,,68.94402,2018-03-01
BGR,918,Bulgaria,2018,4,51.446697,,65.577255,2018-04-01
BGR,918,Bulgaria,2018,5,58.64998,,71.697205,2018-05-01
BGR,918,Bulgaria,2018,6,56.088642,,62.53056,2018-06-01
BGR,918,Bulgaria,2018,7,57.100044,,62.859665,2018-07-01
BGR,918,Bulgaria,2018,8,46.294327,,52.6813,2018-08-01
BGR,918,Bulgaria,2018,9,48.504963,,60.31699,2018-09-01
BGR,918,Bulgaria,2018,10,41.704685,,56.238983,2018-10-01
BGR,918,Bulgaria,2018,11,32.05588,,48.809185,2018-11-01
BGR,918,Bulgaria,2018,12,25.906893,,53.367306,2018-12-01
BGR,918,Bulgaria,2019,1,25.285053,,52.49801,2019-01-01
BGR,918,Bulgaria,2019,2,28.995043,,56.484867,2019-02-01
BGR,918,Bulgaria,2019,3,33.911793,,64.86549,2019-03-01
BGR,918,Bulgaria,2019,4,47.53054,,61.704548,2019-04-01
BGR,918,Bulgaria,2019,5,57.14752,,69.73045,2019-05-01
BGR,918,Bulgaria,2019,6,55.77016,,62.105854,2019-06-01
BGR,918,Bulgaria,2019,7,56.65105,,61.97661,2019-07-01
BGR,918,Bulgaria,2019,8,46.793167,,52.131344,2019-08-01
BGR,918,Bulgaria,2019,9,47.823486,,58.495926,2019-09-01
BGR,918,Bulgaria,2019,10,41.444324,,55.59088,2019-10-01
BGR,918,Bulgaria,2019,11,32.169075,,48.73692,2019-11-01
BGR,918,Bulgaria,2019,12,26.130049,,53.522343,2019-12-01
BGR,918,Bulgaria,2020,1,25.092234,,51.58636,2020-01-01
BGR,918,Bulgaria,2020,2,28.221792,,54.84119,2020-02-01
BGR,918,Bulgaria,2020,3,24.90635,,21.354555,2020-03-01
BGR,918,Bulgaria,2020,4,18.605247,,5.836052,2020-04-01
BGR,918,Bulgaria,2020,5,11.162037,,8.569886,2020-05-01
BGR,918,Bulgaria,2020,6,11.523981,,7.783157,2020-06-01
BGR,918,Bulgaria,2020,7,16.506413,,8.010972,2020-07-01
BGR,918,Bulgaria,2020,8,24.053463,,6.688504,2020-08-01
BGR,918,Bulgaria,2020,9,36.094482,,7.9014964,2020-09-01
BGR,918,Bulgaria,2020,10,40.200665,,7.4648857,2020-10-01
BGR,918,Bulgaria,2020,11,35.024914,,6.5801196,2020-11-01
BGR,918,Bulgaria,2020,12,,,,2020-12-01
BGR,918,Bulgaria,2021,1,,,,2021-01-01
BGR,918,Bulgaria,2021,2,,,,2021-02-01
COM,632,Comoros,2018,1,,8.443537,,2018-01-01
COM,632,Comoros,2018,2,,6.279541,,2018-02-01
COM,632,Comoros,2018,3,,7.5258336,,2018-03-01
COM,632,Comoros,2018,4,,7.5308084,,2018-04-01
COM,632,Comoros,2018,5,,8.284494,,2018-05-01
COM,632,Comoros,2018,6,,6.1376057,,2018-06-01
COM,632,Comoros,2018,7,,6.2376227,,2018-07-01
COM,632,Comoros,2018,8,,8.235251,,2018-08-01
COM,632,Comoros,2018,9,,7.832069,,2018-09-01
COM,632,Comoros,2018,10,,8.129421,,2018-10-01
COM,632,Comoros,2018,11,,7.0818477,,2018-11-01
COM,632,Comoros,2018,12,,8.233358,,2018-12-01
COM,632,Comoros,2019,1,,7.5241694,,2019-01-01
COM,632,Comoros,2019,2,,7.282871,,2019-02-01
COM,632,Comoros,2019,3,,7.5569468,,2019-03-01
COM,632,Comoros,2019,4,,7.8314123,,2019-04-01
COM,632,Comoros,2019,5,,9.877006,,2019-05-01
COM,632,Comoros,2019,6,,6.841759,,2019-06-01
COM,632,Comoros,2019,7,,8.228864,,2019-07-01
COM,632,Comoros,2019,8,,10.104371,,2019-08-01
COM,632,Comoros,2019,9,,10.033221,,2019-09-01
COM,632,Comoros,2019,10,,9.592247,,2019-10-01
COM,632,Comoros,2019,11,,7.857419,,2019-11-01
COM,632,Comoros,2019,12,,9.551628,,2019-12-01
COM,632,Comoros,2020,1,,9.361575,,2020-01-01
COM,632,Comoros,2020,2,,8.920666,,2020-02-01
COM,632,Comoros,2020,3,,9.147352,,2020-03-01
COM,632,Comoros,2020,4,,14.714138,,2020-04-01
COM,632,Comoros,2020,5,,17.208372,,2020-05-01
COM,632,Comoros,2020,6,,20.27132,,2020-06-01
COM,632,Comoros,2020,7,,21.147137,,2020-07-01
COM,632,Comoros,2020,8,,21.44757,,2020-08-01
COM,632,Comoros,2020,9,,19.266819,,2020-09-01
COM,632,Comoros,2020,10,,,,2020-10-01
COM,632,Comoros,2020,11,,,,2020-11-01
COM,632,Comoros,2020,12,,,,2020-12-01
COM,632,Comoros,2021,1,,,,2021-01-01
COM,632,Comoros,2021,2,,,,2021-02-01
GTM,258,Guatemala,2018,1,,634.5818,,2018-01-01
GTM,258,Guatemala,2018,2,,630.1027,,2018-02-01
GTM,258,Guatemala,2018,3,,754.4851,,2018-03-01
GTM,258,Guatemala,2018,4,,769.9474,,2018-04-01
GTM,258,Guatemala,2018,5,,808.5463,,2018-05-01
GTM,258,Guatemala,2018,6,,801.4193,,2018-06-01
GTM,258,Guatemala,2018,7,,818.349,,2018-07-01
GTM,258,Guatemala,2018,8,,860.4273,,2018-08-01
GTM,258,Guatemala,2018,9,,745.975,,2018-09-01
GTM,258,Guatemala,2018,10,,863.5214,,2018-10-01
GTM,258,Guatemala,2018,11,,757.0797,,2018-11-01
GTM,258,Guatemala,2018,12,,843.3357,,2018-12-01
GTM,258,Guatemala,2019,1,,688.0764,,2019-01-01
GTM,258,Guatemala,2019,2,,690.4995,,2019-02-01
GTM,258,Guatemala,2019,3,,826.7137,,2019-03-01
GTM,258,Guatemala,2019,4,,865.1568,,2019-04-01
GTM,258,Guatemala,2019,5,,974.4659,,2019-05-01
GTM,258,Guatemala,2019,6,,882.0174,,2019-06-01
GTM,258,Guatemala,2019,7,,947.8292,,2019-07-01
GTM,258,Guatemala,2019,8,,980.5705,,2019-08-01
GTM,258,Guatemala,2019,9,,892.2935,,2019-09-01
GTM,258,Guatemala,2019,10,,999.9574,,2019-10-01
GTM,258,Guatemala,2019,11,,819.9252,,2019-11-01
GTM,258,Guatemala,2019,12,,940.8019,,2019-12-01
GTM,258,Guatemala,2020,1,,834.6104,,2020-01-01
GTM,258,Guatemala,2020,2,,808.0254,,2020-02-01
GTM,258,Guatemala,2020,3,,746.7847,,2020-03-01
GTM,258,Guatemala,2020,4,,690.7691,,2020-04-01
GTM,258,Guatemala,2020,5,,836.761,,2020-05-01
GTM,258,Guatemala,2020,6,,963.299,,2020-06-01
GTM,258,Guatemala,2020,7,,1078.7223,,2020-07-01
GTM,258,Guatemala,2020,8,,1050.1611,,2020-08-01
GTM,258,Guatemala,2020,9,,1051.2548,,2020-09-01
GTM,258,Guatemala,2020,10,,1132.9594,,2020-10-01
GTM,258,Guatemala,2020,11,,983.4368,,2020-11-01
GTM,258,Guatemala,2020,12,,,,2020-12-01
GTM,258,Guatemala,2021,1,,,,2021-01-01
GTM,258,Guatemala,2021,2,,,,2021-02-01
HTI,263,Haiti,2018,1,,165.02036,,2018-01-01
HTI,263,Haiti,2018,2,,188.29753,,2018-02-01
HTI,263,Haiti,2018,3,,246.58598,,2018-03-01
HTI,263,Haiti,2018,4,,206.48048,,2018-04-01
HTI,263,Haiti,2018,5,,203.98053,,2018-05-01
HTI,263,Haiti,2018,6,,191.74908,,2018-06-01
HTI,263,Haiti,2018,7,,182.0441,,2018-07-01
HTI,263,Haiti,2018,8,,200.15604,,2018-08-01
HTI,263,Haiti,2018,9,,190.78284,,2018-09-01
HTI,263,Haiti,2018,10,,194.66563,,2018-10-01
HTI,263,Haiti,2018,11,,178.47148,,2018-11-01
HTI,263,Haiti,2018,12,,269.06274,,2018-12-01
HTI,263,Haiti,2019,1,,177.18507,,2019-01-01
HTI,263,Haiti,2019,2,,185.55888,,2019-02-01
HTI,263,Haiti,2019,3,,249.5865,,2019-03-01
HTI,263,Haiti,2019,4,,230.64421,,2019-04-01
HTI,263,Haiti,2019,5,,220.39026,,2019-05-01
HTI,263,Haiti,2019,6,,198.15845,,2019-06-01
HTI,263,Haiti,2019,7,,206.66414,,2019-07-01
HTI,263,Haiti,2019,8,,214.79555,,2019-08-01
HTI,263,Haiti,2019,9,,181.24257,,2019-09-01
HTI,263,Haiti,2019,10,,178.69392,,2019-10-01
HTI,263,Haiti,2019,11,,184.64871,,2019-11-01
HTI,263,Haiti,2019,12,,277.33817,,2019-12-01
HTI,263,Haiti,2020,1,,186.19199,,2020-01-01
HTI,263,Haiti,2020,2,,206.46884,,2020-02-01
HTI,263,Haiti,2020,3,,229.19122,,2020-03-01
HTI,263,Haiti,2020,4,,220.63446,,2020-04-01
HTI,263,Haiti,2020,5,,300.22812,,2020-05-01
HTI,263,Haiti,2020,6,,303.2442,,2020-06-01
HTI,263,Haiti,2020,7,,305.2942,,2020-07-01
HTI,263,Haiti,2020,8,,301.1596,,2020-08-01
HTI,263,Haiti,2020,9,,,,2020-09-01
HTI,263,Haiti,2020,10,,,,2020-10-01
HTI,263,Haiti,2020,11,,,,2020-11-01
HTI,263,Haiti,2020,12,,,,2020-12-01
HTI,263,Haiti,2021,1,,,,2021-01-01
HTI,263,Haiti,2021,2,,,,2021-02-01
LBN,446,Lebanon,2018,1,42.56,,553.77,2018-01-01
LBN,446,Lebanon,2018,2,56.34,,520.98,2018-02-01
LBN,446,Lebanon,2018,3,43.65,,575.42,2018-03-01
LBN,446,Lebanon,2018,4,51.41,,533.72,2018-04-01
LBN,446,Lebanon,2018,5,49.78,,541.97,2018-05-01
LBN,446,Lebanon,2018,6,42.54,,547.41,2018-06-01
LBN,446,Lebanon,2018,7,52.61,,521.44,2018-07-01
LBN,446,Lebanon,2018,8,33.01,,537.46,2018-08-01
LBN,446,Lebanon,2018,9,28.89,,534.89,2018-09-01
LBN,446,Lebanon,2018,10,39.31,,535.26,2018-10-01
LBN,446,Lebanon,2018,11,42.45,,510.39,2018-11-01
LBN,446,Lebanon,2018,12,60.41,,522.27,2018-12-01
LBN,446,Lebanon,2019,1,63.28,,567.08,2019-01-01
LBN,446,Lebanon,2019,2,46.83,,591.27,2019-02-01
LBN,446,Lebanon,2019,3,52.16,,589.92,2019-03-01
LBN,446,Lebanon,2019,4,55.52,,614.69,2019-04-01
LBN,446,Lebanon,2019,5,84.59,,577.18,2019-05-01
LBN,446,Lebanon,2019,6,55.69,,582.55,2019-06-01
LBN,446,Lebanon,2019,7,62.37,,602.64,2019-07-01
LBN,446,Lebanon,2019,8,69.37,,585.07,2019-08-01
LBN,446,Lebanon,2019,9,52.27,,554.73,2019-09-01
LBN,446,Lebanon,2019,10,46.09,,599.09,2019-10-01
LBN,446,Lebanon,2019,11,34.72,,464.31,2019-11-01
LBN,446,Lebanon,2019,12,36.83,,421.78,2019-12-01
LBN,446,Lebanon,2020,1,38.55,,446.22,2020-01-01
LBN,446,Lebanon,2020,2,29.0,,499.4,2020-02-01
LBN,446,Lebanon,2020,3,26.12,,503.04,2020-03-01
LBN,446,Lebanon,2020,4,20.29,,518.97,2020-04-01
LBN,446,Lebanon,2020,5,17.74,,479.12,2020-05-01
LBN,446,Lebanon,2020,6,40.31,,483.26,2020-06-01
LBN,446,Lebanon,2020,7,,,,2020-07-01
LBN,446,Lebanon,2020,8,,,,2020-08-01
LBN,446,Lebanon,2020,9,,,,2020-09-01
LBN,446,Lebanon,2020,10,,,,2020-10-01
LBN,446,Lebanon,2020,11,,,,2020-11-01
LBN,446,Lebanon,2020,12,,,,2020-12-01
LBN,446,Lebanon,2021,1,,,,2021-01-01
LBN,446,Lebanon,2021,2,,,,2021-02-01
